id,domain,status,purchase_price,renewal_price,attractiveness,demand,length,registrar,created_at,expires_at,status_verified_at
220caa6a-7641-41aa-a6e2-a80667c815df,unpleasant.sydney,available,44.98,54.98,medium,low,10,namecheap,,,12/09/2026 16:58
b8b45e95-b8ba-4a2b-9d9a-0f2d52c1b553,programme.sydney,available,58,58,high,low,9,namesilo,,,24/09/2026 16:59
1c7ec71d-b7d0-4f74-aba8-d873d2012ebd,offhand.sydney,available,44.98,54.98,medium,low,7,namecheap,,,
ad156c87-8671-4a38-acd2-587e80912b09,shunning.sydney,available,58,58,medium,low,8,namesilo,,,21/09/2026 09:50
1f76d92c-f48e-4abd-b7dc-7b5d67cfeb7b,proactive.sydney,available,58,58,high,low,9,namesilo,,,27/09/2026 06:56
b25d2a7a-8105-429f-b5bb-ec9a46ec5203,alienation.sydney,available,58,58,high,low,10,namesilo,,,18/09/2026 07:35
8dcfe1a2-0d00-4847-ba23-8f883e086b81,beebread.sydney,available,84.99,84.99,medium,low,8,name.com,,,18/09/2026 17:24
272fc271-3ce1-40d8-b0e0-a5491aa4b7ca,abuser.sydney,available,44.98,54.98,medium,low,6,namecheap,,,16/09/2026 19:17
a5d1a475-65fa-4a26-a720-670e191bbe4d,antiseptic.sydney,available,44.98,54.98,high,low,10,namecheap,,,22/09/2026 06:54
d967fb0c-4146-4af5-898f-6c5898106b80,washy.sydney,available,44.98,54.98,medium,low,5,namecheap,,,10/08/2026 13:56
cfca5d48-70ea-488d-8775-87e104c14da3,daydreams.sydney,available,44.98,54.98,medium,low,9,namecheap,,,19/09/2026 21:17
5ffd9250-024a-4f0e-a13d-168db5383095,smug.sydney,available,44.98,54.98,high,low,4,namecheap,,,10/09/2026 02:05
feb829a4-5778-47d0-ab8f-4163888d2537,abrocome.sydney,available,58,58,medium,low,8,namesilo,,,16/09/2026 17:14
a31e4f6e-3362-417b-936f-f42cddd37e96,possession.sydney,available,54.98,,high,low,10,namecheap,,,
762ca4aa-2205-44a3-9477-ea666df62798,slowpoke.sydney,available,44.98,54.98,medium,low,8,namecheap,,,10/09/2026 20:25
24176f17-24dd-4724-9600-e939cd569874,unborn.sydney,available,44.98,54.98,high,low,6,namecheap,,,12/09/2026 02:23
11680077-a9f0-4823-aa6c-85d586d6ffe3,blitt.sydney,available,44.98,54.98,medium,low,5,namecheap,,,21/09/2026 14:13
caba52f2-c6fc-4d20-bdfe-3a50ce15aa4c,saleable.sydney,available,44.98,54.98,high,medium,8,namecheap,,,09/09/2026 20:51
3ede6895-d3f0-40c8-88aa-24826bc3c474,sidearm.sydney,available,44.98,54.98,high,medium,7,namecheap,,,10/09/2026 07:44
fd0f3da9-3afb-4cff-b9ef-09814b65917b,galangal.sydney,available,58,58,medium,low,8,namesilo,,,18/09/2026 14:03
33254251-867a-43ee-973a-0e26de130b08,chimerical.sydney,available,44.98,54.98,medium,low,10,namecheap,,,12/08/2026 05:38
c674e75e-ad36-4b94-9d56-6119ff5ba9ae,required.sydney,available,44.98,54.98,high,low,8,namecheap,,,23/09/2026 18:27
2ce894fb-9993-4d1b-8a62-c4c55da8d6e4,circus.sydney,premium,178.94,,high,low,6,name.com,,,
7f3c1b5e-be61-4d66-95d2-b8f4eee93b21,eared.sydney,available,44.98,54.98,medium,low,5,namecheap,,,14/08/2026 14:39
f9274fd0-edba-4d53-9d5e-56a9cc1228e2,kind.sydney,available,58,58,high,low,4,namesilo,,,25/09/2026 12:40
45073164-8e64-4b0c-be41-4b010b174c6c,appreciates.sydney,available,44.98,54.98,medium,low,11,namecheap,,,20/09/2026 20:35
f1710432-1b3f-42fa-bb48-639036040516,entangle.sydney,available,44.98,54.98,medium,low,8,namecheap,,,24/08/2026 16:54
22b2c16a-52f1-4540-825b-952410e8b93f,saute.sydney,available,44.98,54.98,high,low,5,namecheap,,,09/09/2026 22:00
3df1a793-2515-468b-a73b-64e78ad5bc4f,darlington.sydney,available,58,58,high,low,10,namesilo,,,27/09/2026 06:24
9ef69579-2a05-41fd-bb2e-2ba0574f5add,flatbottom.sydney,available,44.98,54.98,medium,low,10,namecheap,,,18/08/2026 06:51
abaff028-568b-4ac3-b673-5d3e4d5003ec,penetration.sydney,available,44.98,54.98,medium,low,11,namecheap,,,08/09/2026 15:09
6c2b86ab-e93a-416a-846e-74d27413e5b1,catapult.sydney,available,58,58,high,low,8,namesilo,,,20/09/2026 00:33
6404dfd4-a73d-497a-9489-c92f08b90347,wrongdoing.sydney,available,58,58,medium,low,10,namesilo,,,17/09/2026 05:25
a05d1301-0a86-4d1c-824b-0dac8f7f9a47,seal.sydney,available,58,58,high,low,4,namesilo,,,25/09/2026 22:00
35f913c7-2703-4d96-9df2-e4d8f650c744,peacemaker.sydney,available,58,58,high,low,10,namesilo,,,24/09/2026 10:53
a8151243-d903-4858-8e21-28c23bb72b12,allometric.sydney,available,44.98,54.98,medium,low,10,namecheap,,,
deac0134-1bd2-42ef-b2d9-4c1562f3e4f5,hoarding.sydney,available,58,58,medium,low,8,namesilo,,,23/09/2026 16:09
e2a7a3a6-bb00-418b-8646-eeae8e1a3c3f,genoese.sydney,available,44.98,54.98,high,low,7,namecheap,,,18/08/2026 21:48
d9f73fa9-443c-4a45-bb6e-b37c53965f40,stump.sydney,available,58,58,medium,low,5,namesilo,,,18/09/2026 17:18
589ba568-7897-4e5f-b9d9-d74e355ce808,adventurer.sydney,available,58,58,high,low,10,namesilo,,,17/09/2026 10:41
c33128c5-8ac1-409f-977e-4a2d2b9a6b2d,dissolve.sydney,available,54.98,,high,low,8,namecheap,,,
35a0fd54-3079-471b-a575-59eec9d67fd6,wingstem.sydney,available,58,58,medium,low,8,namesilo,,,17/09/2026 04:57
bbf8bbf3-c054-4da4-97f4-b1457d98bab4,bookmark.sydney,available,44.98,54.98,high,low,8,namecheap,,,24/09/2026 07:12
f96053f5-77e4-43de-a092-5a33a018afe9,cochran.sydney,available,42.6,42.6,medium,low,7,dynadot,,,27/09/2026 12:38
fd169b55-28ad-45f5-93d0-31ba726ce41d,lumpy.sydney,available,44.98,54.98,medium,low,5,namecheap,,,12/08/2026 07:46
346b8272-0442-4dd5-a8a5-6cc94e602b06,unopen.sydney,available,44.98,54.98,medium,low,6,namecheap,,,10/09/2026 07:06
86d9b1ad-1a94-455b-b15d-294e8bcbcee8,benison.sydney,available,44.98,54.98,medium,low,7,namecheap,,,23/09/2026 08:11
0090e3c8-c300-4b31-9f21-b16871f36193,uppity.sydney,available,44.98,54.98,medium,low,6,namecheap,,,12/09/2026 23:17
b4839229-7818-4ee7-aeea-b5078f7f1379,dive.sydney,resell,54.98,,high,low,4,"GoDaddy.com, LLC",17/03/2026 10:06,17/03/2027 10:06,26/09/2026 05:37
000d390c-7deb-40b0-9796-55b49148a075,twofold.sydney,available,44.98,54.98,medium,low,7,namecheap,,,14/08/2026 16:39
91bb4c99-0bc6-4614-9ccb-8a5c488b1ca2,abbe.sydney,available,58,58,medium,low,4,namesilo,,,16/09/2026 14:22
bc63a658-47d6-4d53-95a2-46f69dc98d62,gunn.sydney,available,58,58,medium,low,4,namesilo,,,27/09/2026 01:35
37608816-0238-42dd-8836-13c429e8e954,willful.sydney,available,44.98,54.98,medium,low,7,namecheap,,,18/08/2026 16:37
15686143-5c1c-4e56-80a3-d0e7d2d7e260,cxxxv.sydney,available,44.98,54.98,medium,low,5,namecheap,,,
84cb9946-a9bc-4c4c-a927-8b92582a2390,deposits.sydney,available,54.98,,medium,low,8,namecheap,,,
dcdea7f4-2217-411a-8293-96b48ce13195,console.sydney,available,58,58,high,low,7,namesilo,,,24/09/2026 16:26
b3b76655-046c-4f8f-abb4-a48851fcb72e,repose.sydney,available,44.98,54.98,high,low,6,namecheap,,,20/09/2026 19:37
b9ddca8d-6279-4f0a-a78d-a4154364dfb1,asterism.sydney,available,58,58,medium,low,8,namesilo,,,20/09/2026 17:12
b992cf5c-f855-483e-9eb5-881a5601c40e,peer.sydney,available,58,58,high,low,4,namesilo,,,24/09/2026 14:38
2343ece8-9a20-48ab-b1f8-736bd2c1f52b,truthfully.sydney,available,58,58,medium,low,10,namesilo,,,16/09/2026 09:34
45ccc6e0-2db0-4aee-9709-9bfa1cce0199,tetchy.sydney,available,44.98,54.98,medium,low,6,namecheap,,,22/08/2026 10:31
d87915c2-a9ec-4c54-80e6-f17cbc9996c3,boldface.sydney,available,44.98,54.98,high,low,8,namecheap,,,10/08/2026 17:43
d4efabf7-9e83-4607-b986-a2109f240ab0,weirdo.sydney,available,44.98,54.98,medium,low,6,namecheap,,,13/08/2026 05:38
5128e455-477e-46e2-8636-798c46c4cbbb,misleading.sydney,available,44.98,54.98,medium,low,10,namecheap,,,25/08/2026 01:34
97b64e4a-6da2-4fde-867e-bc1c109fe186,unlawful.sydney,available,44.98,54.98,medium,low,8,namecheap,,,21/08/2026 19:54
902f3b7a-3cf5-408d-b676-dde63092b9f3,rootbound.sydney,available,44.98,54.98,medium,low,9,namecheap,,,09/09/2026 00:46
072880b9-d393-470e-8d5e-d3caf3048f85,casteless.sydney,available,44.98,54.98,medium,low,9,namecheap,,,11/08/2026 20:25
ff1f9507-3647-45d5-9dc5-7bb0fc09768e,shopkeeper.sydney,available,42.32,42.32,high,low,10,dynadot,,,28/09/2026 02:48
59543ac9-2d4e-421e-af62-23166c894c12,retailed.sydney,available,44.98,54.98,high,low,8,namecheap,,,20/09/2026 16:31
04641db3-1a28-4ec1-97f0-d166abcfab37,dun.sydney,premium,88.56,88.56,medium,low,3,name.com,,,14/08/2026 21:12
9074c86c-e0c8-48ad-9e3c-ca39c2c870cc,tradition.sydney,available,54.98,,high,low,9,namecheap,,,
5592fef3-c0e7-4572-84e8-dfccf17d997d,amaretto.sydney,available,58,58,high,low,8,namesilo,,,18/09/2026 15:58
aceca2d0-aac0-4bd9-ba70-18d413f46ad3,beastly.sydney,available,44.98,54.98,medium,low,7,namecheap,,,09/08/2026 04:54
02f6fc29-84b6-49a2-9520-c62b902c597c,upbound.sydney,available,44.98,54.98,medium,low,7,namecheap,,,12/09/2026 23:02
ff1ed7dc-4dfb-4dc7-9341-11c3fc99628a,samples.sydney,available,44.98,54.98,medium,low,7,namecheap,,,20/09/2026 18:39
3e38901e-ad76-4cbf-b53b-ce9500bf1637,acted.sydney,available,44.98,54.98,medium,low,5,namecheap,,,27/09/2026 02:34
022ba631-4e75-4534-9590-483d509ca990,riot.sydney,available,44.98,54.98,high,low,4,namecheap,,,24/09/2026 13:04
47628260-85f3-4ea5-bdf1-53084b84e370,rustle.sydney,available,44.98,54.98,high,low,6,namecheap,,,13/09/2026 11:37
abed00c2-1b2f-47c5-9b9f-58c56d737c63,pekan.sydney,available,58,58,medium,low,5,namesilo,,,24/09/2026 00:25
09e76a73-e8be-4686-b603-6b74d0c8aadd,aberdonian.sydney,available,44.98,54.98,medium,low,10,namecheap,,,
d14281df-71e0-436c-a75d-8731dc93e7d5,entrant.sydney,available,44.98,54.98,medium,low,7,namecheap,,,18/08/2026 07:36
c27b02b4-11c3-41d2-9126-69e3654e7ca2,pondered.sydney,available,58,58,medium,low,8,namesilo,,,18/09/2026 02:08
d4ab54c3-839c-46ab-ac2a-d6317b388432,cheesecake.sydney,available,44.98,54.98,high,low,10,namecheap,,,24/09/2026 14:12
570fe9ce-bac9-48be-808d-2fd76731a858,filter.sydney,available,58,58,high,low,6,namesilo,,,25/09/2026 00:06
c445fa20-22c2-42af-809f-5a4f389cb34e,colours.sydney,available,54.98,,high,low,7,namecheap,,,
1d1c5f05-728d-4558-a8d9-1d9c672a6178,klaus.sydney,available,44.98,54.98,medium,low,5,namecheap,,,27/09/2026 01:38
fa06e0b4-3150-4c8c-879f-2542875bd960,silvery.sydney,available,44.98,54.98,high,low,7,namecheap,,,06/08/2026 17:56
a6ee85b8-dfc8-4d77-a7c0-d1df80f643e6,aberrant.sydney,available,44.98,54.98,high,low,8,namecheap,,,
35b6d632-948c-422a-aa74-23a4df893ba1,sibylline.sydney,available,44.98,54.98,medium,low,9,namecheap,,,11/08/2026 12:20
b18b2ba9-b7d4-4e4b-86e7-46d68c552675,wafers.sydney,available,58,58,medium,low,6,namesilo,,,20/09/2026 21:54
61018232-81fb-4aa9-ad4d-6137bf4f9c7d,leathery.sydney,available,44.98,54.98,medium,low,8,namecheap,,,13/08/2026 01:13
908b911a-3187-40d7-814b-0675cc7cac3e,shiloh.sydney,premium,92.43,92.43,medium,low,6,namecheap,,,22/09/2026 15:39
af2fcb01-e65b-47e3-b24a-f2a38d5c55d7,baffle.sydney,available,44.98,54.98,medium,low,6,namecheap,,,09/09/2026 08:20
c8e4480d-47b7-4dcb-b610-ad93df3fb578,incurable.sydney,available,44.98,54.98,medium,low,9,namecheap,,,22/08/2026 02:06
c85955b3-a054-4259-af43-de4f03b50035,hilarious.sydney,available,44.98,54.98,high,low,9,namecheap,,,21/08/2026 09:21
b16f23de-d423-4436-a959-f4cb921ab5c8,businessmen.sydney,available,58,58,high,low,11,namesilo,,,21/09/2026 02:14
e485c437-634b-4591-bbc3-3b671048fbde,kokka.sydney,available,44.98,54.98,medium,low,5,namecheap,,,08/09/2026 07:02
0ecc9f0e-7d09-49ef-9270-b9a8678d628d,albescent.sydney,available,44.98,54.98,medium,low,9,namecheap,,,
330cb652-fb8a-4890-9936-3aff39e31ed4,nubile.sydney,available,44.98,54.98,medium,low,6,namecheap,,,24/08/2026 16:30
7f1aeb96-f62e-49b5-8001-107123d562ec,ibanking.sydney,available,58,58,medium,low,9,namesilo,,,20/09/2026 00:37
d97bfccb-cd07-479e-b1ac-f117d41b7453,lull.sydney,available,44.98,54.98,high,low,4,namecheap,,,11/08/2026 15:04
d213caf5-d025-4aaa-8169-1cd31e41c7e8,unnamed.sydney,available,44.98,54.98,medium,low,7,namecheap,,,03/09/2026 12:56
5c1f84a2-6538-4c25-ad93-13292d71c31e,beckley.sydney,available,58,58,medium,low,7,namesilo,,,22/09/2026 22:43
db2984bf-021b-4b11-a229-4ccc3fb55c80,jamaican.sydney,available,44.98,54.98,high,low,8,namecheap,,,22/08/2026 12:11
f0a1b7e3-0359-447a-9aa8-fd66cdfa6e9e,hoffman.sydney,available,58,58,high,low,7,namesilo,,,25/09/2026 05:04
61949e40-708f-46ab-b635-80ae4ed265ec,england.sydney,available,54.98,,high,low,7,namecheap,,,
cf160754-5d92-4295-9098-ef6e9f9a4211,baykal.sydney,available,44.98,54.98,high,low,6,namecheap,,,21/09/2026 18:56
50340c34-b843-4100-940f-75eab49f9de1,arts.sydney,available,58,58,high,low,4,namesilo,,,23/09/2026 06:35
a7dc4ee0-6819-49d8-bcb3-7986ce4851fa,forehand.sydney,available,44.98,54.98,medium,low,8,namecheap,,,18/08/2026 11:38
66af6dc9-beb3-42a2-9033-670bd4c3bb55,sunrise.sydney,available,58,58,high,low,7,namesilo,,,28/09/2026 01:57
1cc962bb-fd54-4c48-a547-7c2486153caa,anthracite.sydney,available,58,58,medium,low,10,namesilo,,,19/09/2026 13:48
a86f3ad8-a91f-4278-9de7-b2d12b6b5a5a,corned.sydney,available,44.98,54.98,medium,low,6,namecheap,,,13/08/2026 01:33
714e49e7-ae22-40af-b006-478d569d488e,dynamic.sydney,premium,91.87,91.87,high,low,7,namecheap,,,24/09/2026 12:41
2596ad74-3e01-4c44-8c51-749adc2b7579,user.sydney,available,44.98,54.98,high,medium,4,namecheap,,,25/09/2026 00:16
d5fac8b2-b212-42dd-b0bb-a94131b23da8,washing.sydney,available,54.98,,high,low,7,namecheap,,,
fd99191b-ca60-4f73-b88f-6f1287263343,confucian.sydney,available,44.98,54.98,high,low,9,namecheap,,,12/08/2026 21:15
8e0db35e-2a9a-471d-abea-cd62397f1fbe,eighties.sydney,available,58,58,high,low,8,namesilo,,,16/09/2026 12:00
be11453c-3eec-48a5-b0f4-84956a02c551,webs.sydney,available,58,58,medium,low,4,namesilo,,,20/09/2026 10:33
ec96fdde-44ad-4cc2-9c15-16babfe03d9e,jovial.sydney,available,44.98,54.98,high,low,6,namecheap,,,22/08/2026 13:42
615f3365-2c2a-49a1-9778-3f4f4436090e,looked.sydney,available,58,58,high,low,6,namesilo,,,18/09/2026 11:20
0b78ca2f-88d3-4431-af3a-d0b54e30c9f7,kingdom.sydney,available,54.98,,high,low,7,namecheap,,,
a66df72c-406a-4adb-b8e6-166535b04b2a,mansfield.sydney,available,44.98,54.98,high,low,9,namecheap,,,25/09/2026 08:08
a791af97-b455-47e2-9d22-403068cec368,unclogged.sydney,available,44.98,54.98,medium,low,9,namecheap,,,12/09/2026 05:28
eda58bb8-0014-4da7-ad9b-cf242a89cba6,alchemic.sydney,available,44.98,54.98,medium,low,8,namecheap,,,
36a8548c-e4e8-41f4-a075-62ddea5809c2,waterless.sydney,available,44.98,54.98,medium,low,9,namecheap,,,06/08/2026 19:03
7e6c1bef-356c-4eec-b529-6bf9b114643d,auntie.sydney,available,84.99,84.99,high,low,6,name.com,,,21/09/2026 04:11
7819eafd-0d52-44d0-8b93-e65ce1af488e,subatomic.sydney,available,44.98,54.98,medium,low,9,namecheap,,,10/09/2026 23:38
c9fc13f3-dbda-41fb-81cc-4301351e1d11,balarama.sydney,available,44.98,54.98,medium,low,8,namecheap,,,21/09/2026 21:06
cac02770-79da-4a3c-93df-b7f2417c0a94,aglaia.sydney,available,84.99,84.99,medium,low,6,name.com,,,17/09/2026 18:17
ad923eb1-7ffd-49ec-b53d-110a27e207cd,octad.sydney,available,44.98,54.98,medium,low,5,namecheap,,,
20a31852-725f-4784-a6bf-6b670045b24e,nations.sydney,available,84.99,84.99,medium,low,7,name.com,,,27/09/2026 22:54
e4234c97-05ce-4979-96bc-60799f2e48a8,olfactive.sydney,available,44.98,54.98,medium,low,9,namecheap,,,04/09/2026 02:13
c391211f-7329-4129-ae39-358bf35180bb,forfeiture.sydney,available,44.98,54.98,medium,low,10,namecheap,,,18/08/2026 11:45
38d79125-1695-4b08-9dd3-c61987009e0d,achomawi.sydney,available,58,58,medium,low,8,namesilo,,,17/09/2026 00:49
90607e55-17e0-45f7-97e0-a5b42a46126c,amsterdam.sydney,available,58,58,high,low,9,namesilo,,,19/09/2026 00:08
649eddf8-e8b0-43e3-86fc-c55dbb3b7129,swimmer.sydney,available,44.98,54.98,high,low,7,namecheap,,,22/09/2026 13:29
ec51af87-5df3-4f8a-9bb2-957f3dfab63b,senescent.sydney,available,44.98,54.98,medium,low,9,namecheap,,,
f2bd39c3-2b53-4821-9ff3-4b72adb939b0,tabs.sydney,available,58,58,medium,low,4,namesilo,,,20/09/2026 01:36
c12d617b-37ab-4d67-bece-dc2688400be8,score.sydney,premium,84.5,84.5,high,low,5,porkbun,,,27/09/2026 18:29
b6ae2e45-a7ef-4dc7-8e2e-f219aa4b5d1d,income.sydney,available,54.98,,high,low,6,namecheap,,,
37f94a2e-435e-4edd-a363-a6ca1cf97792,bismark.sydney,available,58,58,medium,low,7,namesilo,,,23/09/2026 09:37
2bc947ae-928c-4607-944e-421efc6602c9,deadly.sydney,available,58,58,medium,low,6,namesilo,,,22/09/2026 16:43
fddac504-2ab7-4b5b-a425-7b6340f2ac74,rushy.sydney,available,44.98,54.98,medium,low,5,namecheap,,,09/09/2026 20:04
c5e96c32-2879-4df7-99fe-21e22d237fe5,unshelled.sydney,available,44.98,54.98,high,medium,9,namecheap,,,10/09/2026 06:23
e86f1a90-26e0-4f59-a582-c9b3d9896914,cancellous.sydney,available,44.98,54.98,medium,low,10,namecheap,,,11/08/2026 16:31
2d72afe3-ba51-467c-ae04-cc83d41e4fad,purebred.sydney,available,44.98,54.98,high,medium,8,namecheap,,,09/09/2026 06:16
412ef2e4-5306-41c1-9d6b-9efe20eb3648,therein.sydney,available,44.98,54.98,medium,low,7,namecheap,,,15/09/2026 07:03
605027fa-3030-458d-8b1f-d2e693d447af,exercise.sydney,available,58,58,high,low,8,namesilo,,,19/09/2026 09:45
37ec95b4-c0bd-4e20-8927-0d81db0e317b,ecosystem.sydney,available,44.98,54.98,high,low,9,namecheap,,,28/09/2026 02:43
59c420c4-1183-4557-8391-f63e0b62c6f6,dietetic.sydney,available,44.98,54.98,medium,low,8,namecheap,,,14/08/2026 06:56
8eb30f3c-fe60-41c0-ba09-5121a49e8750,amoeboid.sydney,available,44.98,54.98,medium,low,8,namecheap,,,
2a7bc07c-533d-4e90-b6e7-750b19346204,lineal.sydney,available,44.98,54.98,medium,low,6,namecheap,,,23/08/2026 14:16
da5afe87-26ec-408d-bc24-5710b17f7ddd,sombre.sydney,available,44.98,54.98,medium,low,6,namecheap,,,10/09/2026 14:02
deaa4642-3d12-4dd7-ab8e-ff08f4a6406a,night.sydney,premium,450.23,,high,low,5,name.com,,,
94b8ba7a-a513-4c20-807e-1a66cd9b1be9,near.sydney,resell,,,high,low,4,"GoDaddy.com, LLC",01/01/2026 01:37,01/01/2027 01:37,26/09/2026 07:44
15737953-7c9d-41cb-b841-a8fdb2231745,maths.sydney,available,54.98,,high,low,5,namecheap,,,
cbbba90e-35e0-49cf-8c54-0c0eb6e372e9,uneven.sydney,available,44.98,54.98,high,low,6,namecheap,,,04/09/2026 00:48
e738b1f5-91f8-472a-a75c-3a4070d6eb52,sacks.sydney,available,44.98,54.98,medium,low,5,namecheap,,,20/09/2026 18:55
a8c95798-b039-4fb0-95b3-b5bd67c09c80,refuge.sydney,available,44.98,54.98,high,low,6,namecheap,,,20/09/2026 18:32
810a1537-ce10-4d85-a429-c6a474a613c3,misery.sydney,available,58,58,medium,low,6,namesilo,,,27/09/2026 04:46
4b8b56bd-ed30-4867-b78e-31a40671f739,debatable.sydney,available,84.99,84.99,medium,low,9,name.com,,,13/08/2026 20:12
6453dc2c-2cd0-4443-bd43-86c0c8646d16,happening.sydney,available,58,58,high,low,9,namesilo,,,25/09/2026 23:54
314bde21-f061-4659-80de-68715969930d,determines.sydney,available,58,58,medium,low,10,namesilo,,,19/09/2026 23:58
736e9773-ebf5-4b35-a9ca-a1aa4b8f7388,suite.sydney,available,58,58,high,low,5,namesilo,,,26/09/2026 00:45
50667607-cf29-4e97-ae23-6ff436e11e46,goody.sydney,available,84.99,84.99,high,low,5,name.com,,,13/08/2026 15:54
58370930-1fd0-4a0b-92f8-2627fcca9e45,afford.sydney,available,58,58,high,low,6,namesilo,,,25/09/2026 11:07
b99ff4a4-b513-4db3-9981-ed01a91d5714,lorraine.sydney,premium,91.35,91.35,high,low,8,namecheap,,,25/09/2026 09:09
565c0c32-0dd4-4a90-b161-4f5b10d5e019,skanky.sydney,available,44.98,54.98,medium,low,6,namecheap,,,14/08/2026 10:49
ecd4dc5b-2ed0-4e3f-97c5-6caa51eca27e,pettifog.sydney,available,44.98,54.98,medium,low,8,namecheap,,,23/09/2026 13:20
e82e391f-10d8-4c63-9884-2861f161625a,ictic.sydney,available,44.98,54.98,low,low,5,namecheap,,,21/08/2026 17:53
50b93a63-a016-435a-a7a5-d0f0175d5195,hathaway.sydney,available,58,58,high,low,8,namesilo,,,19/09/2026 10:18
52ddccc2-596c-4445-83b0-f7fb1a39cad9,keys.sydney,available,54.98,,high,medium,4,namecheap,,,
96c40e8a-6af3-47a3-b0af-c5d770ce0295,adducent.sydney,available,44.98,54.98,medium,low,8,namecheap,,,
96a11f86-4b66-4237-b3aa-dfbbc386795f,speak.sydney,available,54.98,,high,low,5,namecheap,,,
43de4ba8-0147-4e09-b97f-686ce11418aa,unfettered.sydney,available,44.98,54.98,medium,low,10,namecheap,,,12/09/2026 04:56
c5dddd9f-dd88-480a-9ee4-776d61526ec1,segmental.sydney,available,44.98,54.98,medium,low,9,namecheap,,,24/08/2026 21:41
6d15cdd8-287c-4f49-ba74-26b0541d50ed,explosive.sydney,available,44.98,54.98,high,low,9,namecheap,,,17/08/2026 18:33
8fd77709-461d-43bd-ad16-a78797bfd56d,rivals.sydney,available,58,58,medium,low,6,namesilo,,,20/09/2026 05:05
ec1038ed-f7af-4f4c-94ef-f3ac489233f2,armilla.sydney,available,58,58,medium,low,7,namesilo,,,20/09/2026 07:02
02297571-cc08-4a96-8771-601cef43b6d8,aberdare.sydney,available,58,58,high,low,8,namesilo,,,16/09/2026 15:08
72d0ae3c-b204-4201-98e4-203464ede353,ankylosaur.sydney,available,44.98,54.98,medium,low,10,namecheap,,,19/09/2026 09:52
fd9a9431-b6b0-4db2-932f-521f0e362c59,caldwell.sydney,available,58,58,medium,low,8,namesilo,,,25/09/2026 03:55
3d638f99-e0d1-45eb-b3c5-32288d1d075b,prink.sydney,available,58,58,medium,low,5,namesilo,,,21/09/2026 02:05
29612d68-6c2a-428a-9c89-51a9aea888c0,stern.sydney,available,58,58,high,low,5,namesilo,,,22/09/2026 13:25
57ab89e1-a672-427d-8757-b4633a73d113,snarled.sydney,available,44.98,54.98,high,medium,7,namecheap,,,10/09/2026 12:19
9f8fa39c-a73e-47af-be3a-c7ee7d2a61cb,simplified.sydney,available,44.98,54.98,high,medium,10,namecheap,,,10/09/2026 08:15
5500019b-81ba-41c3-a9d6-1a6a9bbc22e2,shuttered.sydney,available,44.98,54.98,medium,low,9,namecheap,,,10/09/2026 07:21
a86a57d5-654c-42e7-b219-89a8f58cc364,disrespect.sydney,available,54.98,,high,low,10,namecheap,,,
a1af9674-3758-48c6-b6e4-3f91abb8dbeb,similar.sydney,available,44.98,54.98,high,low,7,namecheap,,,
4d394de4-0f8a-41c4-b333-03e607c923ff,amble.sydney,available,58,58,medium,low,5,namesilo,,,18/09/2026 16:54
ecfee90c-b3f9-4c1b-9f38-356c108e6eb7,tina.sydney,premium,91.39,91.39,high,low,4,namecheap,,,25/09/2026 19:58
c1eb527d-72ec-40a7-86c9-742c337b4caa,testator.sydney,available,44.98,54.98,medium,low,8,namecheap,,,11/09/2026 12:02
748e54eb-b150-41d7-8727-62b5c90a1d2c,linux.sydney,resell,,,high,medium,5,Dreamscape Networks International Pte Ltd,20/06/2016 23:35,20/06/2027 23:35,26/09/2026 07:15
203324ab-461a-4902-9ce1-9dd80f86488e,byzant.sydney,available,58,58,medium,low,6,namesilo,,,23/09/2026 12:17
cdfe1abb-6837-49d1-9bcf-1d4cd6ddc8e0,devour.sydney,available,54.98,,high,low,6,namecheap,,,
a998256d-2e39-4ccd-a707-1a0ed37e88c4,stone.sydney,available,58,58,high,low,5,namesilo,,,19/09/2026 11:54
aedb9757-c1f5-4149-b630-0b21b1ac436e,endlessly.sydney,available,44.98,54.98,high,low,9,namecheap,,,14/09/2026 06:09
1e765d8e-5ff2-4249-ac61-0b5331a99615,tumid.sydney,available,44.98,54.98,medium,low,5,namecheap,,,10/08/2026 18:05
b20401ae-fcb6-4718-98ab-a1f01b4edc36,accusing.sydney,available,44.98,54.98,medium,low,8,namecheap,,,
1b60e48f-ef62-41f8-95d2-3c52eca6abdf,natation.sydney,available,44.98,54.98,medium,low,8,namecheap,,,18/08/2026 08:34
02270d1c-0cae-4b8b-af04-3999043d4651,speeds.sydney,available,58,58,medium,low,6,namesilo,,,20/09/2026 02:30
46e3e187-359b-4da2-8572-5a6d2dc70053,ardeb.sydney,available,58,58,medium,low,5,namesilo,,,20/09/2026 03:06
15d904ce-9cd3-4218-9668-54e171a64fc7,six.sydney,available,58,58,high,low,3,namesilo,,,21/09/2026 13:17
69145ca0-a35f-411d-b191-955aad8df760,asserted.sydney,available,44.98,54.98,medium,low,8,namecheap,,,07/08/2026 05:54
ae6f4746-e2e4-4471-9628-cb96b32f46d9,afield.sydney,available,44.98,54.98,medium,low,6,namecheap,,,13/09/2026 17:59
d88ddbc1-5e13-4540-acbc-92e26b2dbe66,bounteous.sydney,available,44.98,54.98,high,low,9,namecheap,,,09/08/2026 20:50
0ca84144-fae3-4981-930b-0c1a6c680ff0,outgoing.sydney,available,44.98,54.98,high,low,8,namecheap,,,18/08/2026 12:37
be5eace2-948b-4fbb-9928-61ce2ae72119,calmness.sydney,available,44.98,54.98,high,low,8,namecheap,,,11/08/2026 14:56
b4aa5491-ff9e-490b-8b70-5048fb571da1,risen.sydney,available,58,58,high,low,5,namesilo,,,27/09/2026 15:29
dc14c308-d94a-48cb-a5ea-abb0600a9f51,unbeaten.sydney,available,44.98,54.98,high,low,8,namecheap,,,12/09/2026 01:45
60bfd416-633a-4bac-a9f7-1bc0feb4042c,nonlinear.sydney,available,44.98,54.98,medium,low,9,namecheap,,,03/09/2026 19:44
eb250a06-b8ec-4da0-a8dd-3c443f8dad42,unripe.sydney,available,44.98,54.98,medium,low,6,namecheap,,,12/09/2026 18:30
80950432-38a6-41ea-a034-4a8448b6f263,grocery.sydney,available,44.98,54.98,high,low,7,namecheap,,,08/09/2026 13:48
2c7fde00-0db3-4ed4-9e31-db381de8231e,sakharov.sydney,available,58,58,medium,low,8,namesilo,,,19/09/2026 04:30
a7b926a3-ec10-4ca1-9ed8-269a594d5b4a,seraphical.sydney,available,44.98,54.98,medium,low,10,namecheap,,,10/09/2026 04:31
8811b5d3-3e02-42d7-9f40-e910f4f2f9ae,armoire.sydney,available,58,58,medium,low,7,namesilo,,,20/09/2026 07:20
7726ae7d-b949-499a-ac1c-e148a7ac7797,sob.sydney,premium,58,58,high,low,3,namesilo,,,08/08/2026 23:48
03941f44-2a75-472e-aedf-9b4281449318,ossified.sydney,available,44.98,54.98,medium,low,8,namecheap,,,18/08/2026 13:15
d9fbf780-c705-48fd-aa78-c29b935aedda,archeology.sydney,available,58,58,high,low,10,namesilo,,,20/09/2026 01:43
e45a1412-d922-47b7-b78c-88b24f29f015,conqueror.sydney,available,44.98,54.98,high,low,9,namecheap,,,24/09/2026 17:25
f1ab88e5-4e41-45d1-9575-6e83167f7f8e,telluric.sydney,available,44.98,54.98,medium,low,8,namecheap,,,11/09/2026 10:39
c6dddc36-9743-427c-9785-59954b8104b7,slacking.sydney,available,54.98,,medium,low,8,namecheap,,,
491035c8-7896-4385-86ee-4726b449ff41,legacy.sydney,available,58,58,high,medium,6,namesilo,,,23/09/2026 09:05
c094085a-9c5a-466e-abda-70abb8b2a846,dylan.sydney,premium,91.35,91.35,high,low,5,namecheap,,,25/09/2026 00:22
bb1e9426-e85f-4bc7-af2f-4e438cfe598b,auspicious.sydney,available,84.99,84.99,high,low,10,name.com,,,22/09/2026 13:12
dd98f7b8-b86d-4166-9d66-307a1093e9bb,unsecured.sydney,available,44.98,54.98,medium,low,9,namecheap,,,12/09/2026 01:41
056d61a2-c028-466f-ad01-5117386f6e48,fort.sydney,available,54.98,,high,low,4,namecheap,,,
7ed9522e-adc2-40db-9d05-493e73bf02fb,senile.sydney,available,44.98,54.98,medium,low,6,namecheap,,,14/08/2026 14:36
df45fc1e-bace-4b32-aefc-95c4c25beaf2,piggish.sydney,available,44.98,54.98,medium,low,7,namecheap,,,21/08/2026 10:18
b4645990-d1ca-4d4a-9d7b-7b69d272cb8b,benchley.sydney,available,58,58,high,low,8,namesilo,,,23/09/2026 07:39
2e43b639-8805-43d4-9ef2-a47bec6a1b4a,greased.sydney,available,44.98,54.98,medium,low,7,namecheap,,,20/08/2026 19:33
61d4090e-3606-4bef-b183-fd9f9975210a,niffy.sydney,available,44.98,54.98,low,low,5,namecheap,,,03/09/2026 17:10
a967991b-cceb-43ea-a2e7-453f5134ecf9,quietly.sydney,available,44.98,54.98,high,low,7,namecheap,,,09/09/2026 08:49
fee0673a-0015-4955-b495-c63efed238b6,threats.sydney,available,58,58,medium,low,7,namesilo,,,18/09/2026 23:54
6fc30c7e-dd00-4859-a668-7ca5dd7b32a4,serrated.sydney,available,44.98,54.98,medium,low,8,namecheap,,,03/09/2026 22:08
3e8eb798-4d0f-450b-a778-f738ab3f9dc4,unbowed.sydney,available,44.98,54.98,medium,low,7,namecheap,,,12/09/2026 02:27
5cabe765-57dc-4052-814b-ae3cefb4af9c,analyser.sydney,available,58,58,high,low,8,namesilo,,,19/09/2026 01:57
79206ab2-8be8-4771-b8d6-011f154f30e5,trust.sydney,available,58,58,high,medium,5,namesilo,,,25/09/2026 04:00
5b88987b-108d-4ca2-b581-d1c8aaae0cc6,bangla.sydney,available,84.99,84.99,high,low,6,name.com,,,22/09/2026 01:51
a76878c7-ae46-4562-aa73-66a53358f0a5,edamame.sydney,available,58,58,high,low,7,namesilo,,,20/09/2026 02:22
8e4a8113-abe1-4f7f-af08-313babb5518b,bakelite.sydney,available,44.98,54.98,medium,low,8,namecheap,,,21/09/2026 20:15
18d6de1e-c77d-4231-9d80-db7fcb99eb63,aneroid.sydney,available,44.98,54.98,medium,low,7,namecheap,,,
f8a4aaac-e371-40ba-bebf-48bbf3411791,panoramic.sydney,available,44.98,54.98,high,low,9,namecheap,,,22/09/2026 21:06
4f531354-cc5b-4f7b-b09b-12bcec5e50d9,staple.sydney,available,44.98,54.98,medium,low,6,namecheap,,,10/09/2026 18:45
a4ede9dc-9576-421c-b7c3-31a4c2865985,bowen.sydney,available,58,58,medium,low,5,namesilo,,,25/09/2026 12:42
f31076bc-9a41-4da3-84b1-525749a92b37,merged.sydney,available,44.98,54.98,high,low,6,namecheap,,,22/08/2026 01:59
5e2f80ff-45a1-4baf-a952-20045661531c,sensorial.sydney,available,44.98,54.98,medium,low,9,namecheap,,,10/09/2026 03:46
4cfaafd9-985c-46e8-a03b-9a61dea6e5c6,weeks.sydney,available,54.98,,medium,low,5,namecheap,,,
50fc0ea3-f7c6-466a-b722-1199d446b7a9,postmortal.sydney,available,44.98,54.98,medium,low,10,namecheap,,,09/09/2026 00:33
73f52ab4-0918-439f-b819-c9a1649e60b4,aniline.sydney,available,58,58,medium,low,7,namesilo,,,18/09/2026 21:45
42cb825a-4005-41ff-b581-748284d9679a,bagatelle.sydney,available,44.98,54.98,high,low,9,namecheap,,,21/09/2026 17:53
0e1b802e-8d9c-49df-8f7f-1a428cabddd9,reminds.sydney,available,44.98,54.98,medium,low,7,namecheap,,,27/09/2026 03:09
946fe870-7d60-45bd-b73e-a09cb7d26d21,selected.sydney,available,58,58,high,low,8,namesilo,,,27/09/2026 19:50
0c391541-1e7c-4dcc-b618-d8d1ca4a5b97,rosie.sydney,premium,91.39,91.39,high,low,5,namecheap,,,27/09/2026 19:47
e5ab8e27-5ed7-459a-bbe6-fb862f7d280b,blithesome.sydney,available,44.98,54.98,high,low,10,namecheap,,,10/08/2026 14:39
b44d0743-6d0e-437d-919f-9cb978b92ba0,boxer.sydney,available,58,58,high,low,5,namesilo,,,23/09/2026 06:29
b0d9c13d-0237-4fe9-be54-bff51804b55e,how.sydney,premium,90.65,,high,low,3,name.com,,,
f8ef9ce6-20b7-4adf-a8ce-8837261d18d7,kid.sydney,available,58,58,high,low,3,namesilo,,,25/09/2026 12:09
950a103e-8744-41ab-8355-af6d70dcd15b,tinkling.sydney,available,44.98,54.98,medium,low,8,namecheap,,,11/09/2026 16:13
4a47bdd3-fcbd-4fe1-addf-e7c94f24b787,devil.sydney,available,58,58,medium,low,5,namesilo,,,23/09/2026 01:20
c6a4ad1a-f00a-417d-9546-8a1bc60d01d2,posters.sydney,premium,179.19,,high,low,7,name.com,,,
de951a82-86d4-4026-9461-c5edab9a4cce,aptitude.sydney,available,84.99,84.99,high,low,8,name.com,,,19/09/2026 22:41
0ff99cb2-7bed-40da-8e38-b333ddcc4650,gainly.sydney,available,44.98,54.98,medium,low,6,namecheap,,,18/08/2026 19:33
8e52b6cf-a1d2-4ff6-bfa2-7e1ddf5b94f0,cars.sydney,available,58,58,high,medium,4,namesilo,,,17/09/2026 14:10
4380f115-b7a8-462f-90cc-4f375aeb0770,antiacid.sydney,available,58,58,medium,low,8,namesilo,,,22/09/2026 05:47
a5618959-e2bc-4e83-8074-18b878d3a346,assam.sydney,available,58,58,high,low,5,namesilo,,,20/09/2026 15:42
39097402-281d-4b09-b3c7-195c26d90796,jenkins.sydney,available,44.98,54.98,high,low,7,namecheap,,,25/09/2026 12:14
a4ec9911-d3f6-4105-bf48-98aebf600849,squawk.sydney,available,44.98,54.98,high,low,6,namecheap,,,23/09/2026 00:25
5531592e-1324-4d75-b09d-4e3fda066b2c,chorus.sydney,available,54.98,,high,low,6,namecheap,,,
eb1ed735-96c5-4543-a42e-db45b70c394e,newspaper.sydney,premium,90.05,,high,low,9,name.com,,,
c14374f5-4f97-49cc-9453-a6334aa6eeab,camouflage.sydney,available,54.98,,high,low,10,namecheap,,,
4bd20d33-fffd-4c70-90c6-693ee6da37a4,athabascan.sydney,available,44.98,54.98,medium,low,10,namecheap,,,20/09/2026 20:23
7fcb3d25-2f95-456c-9fca-00b885382657,satire.sydney,available,44.98,54.98,high,low,6,namecheap,,,24/09/2026 13:17
48275446-07d7-4faf-ae40-eae27a799709,blanc.sydney,available,58,58,high,low,5,namesilo,,,24/09/2026 03:47
49bad845-e688-425b-996a-bf45707af91d,abashed.sydney,available,44.98,54.98,medium,low,7,namecheap,,,
cea8e16f-0894-4b1e-b6f5-cbe1aca47597,maculate.sydney,available,44.98,54.98,medium,low,8,namecheap,,,13/08/2026 23:26
9a69e874-3bd7-4271-963a-a62078f7c454,associate.sydney,available,44.98,54.98,high,low,9,namecheap,,,07/08/2026 06:50
5ef3dee8-6744-4a30-841b-1b8bdd22c2f6,wapiti.sydney,available,58,58,medium,low,6,namesilo,,,18/09/2026 19:45
f3f18077-830f-42fb-b96e-da44252baa95,begin.sydney,available,58,58,high,low,5,namesilo,,,23/09/2026 09:05
02ea5d27-bce4-4bf1-b3f9-f92200083ca0,gathering.sydney,available,58,58,high,low,9,namesilo,,,20/09/2026 16:00
6fd0cb14-93cf-468b-a0c3-4d046ddcf3b0,branching.sydney,available,44.98,54.98,high,low,9,namecheap,,,11/08/2026 02:08
dcb9c2be-c8a9-436f-bb92-48319b5ff2bb,alanine.sydney,available,44.98,54.98,medium,low,7,namecheap,,,18/09/2026 01:50
635349be-7687-466b-8856-386b0dc82cb2,withdraw.sydney,available,44.98,54.98,high,low,8,namecheap,,,24/09/2026 19:10
c1e0f1b3-bf7c-487d-899d-4f022749531b,tonsorial.sydney,available,44.98,54.98,medium,low,9,namecheap,,,11/09/2026 17:12
823d2ac4-4224-4657-863e-8c30e5aec492,unscripted.sydney,available,44.98,54.98,medium,low,10,namecheap,,,12/09/2026 19:05
0f20e9bb-04c1-4a22-b045-e6136900bf4e,cheerfully.sydney,available,54.98,,high,low,10,namecheap,,,
5c80c936-2c8d-43ad-9196-bdca98345d7a,qatari.sydney,available,44.98,54.98,high,low,6,namecheap,,,22/08/2026 15:09
1a272401-1d5f-4b8e-a6f3-e86d2ad4bb5a,heatless.sydney,available,44.98,54.98,medium,low,8,namecheap,,,21/08/2026 02:27
76c11f01-9d90-4f5a-b38f-a99e615ab37f,irate.sydney,available,44.98,54.98,medium,low,5,namecheap,,,22/08/2026 09:44
3ff7ea0e-4955-4344-9ed9-7fdc1f8b0d90,forward.sydney,available,44.98,54.98,high,medium,7,namecheap,,,21/09/2026 20:55
fa53ebd5-7cfa-4945-9dd4-3c9655528c09,ossicular.sydney,available,44.98,54.98,medium,low,9,namecheap,,,04/09/2026 18:22
80da463a-cfb5-457f-87af-04f9c928cd9f,microwave.sydney,premium,90.38,,high,low,9,name.com,,,
29a83d97-9e17-47dd-a709-bbc08da6b0ad,maestro.sydney,available,44.98,54.98,high,high,7,namecheap,,,24/08/2026 16:47
7fc122e0-b8a2-4267-b83e-128d424f25ce,heliacal.sydney,available,44.98,54.98,medium,low,8,namecheap,,,21/08/2026 06:23
5812f9fc-5188-452f-91ac-2947f1db04c6,volatile.sydney,available,44.98,54.98,high,low,8,namecheap,,,24/09/2026 17:42
316d733a-2074-4e79-b176-6ba0b4133a02,annelidan.sydney,available,44.98,54.98,medium,low,9,namecheap,,,
769de4b2-2286-4335-9ad4-fdf71a42cf7f,priest.sydney,available,58,58,high,low,6,namesilo,,,27/09/2026 04:53
cf96b12f-e79a-454d-8536-186ede6455c0,reputable.sydney,available,44.98,54.98,high,low,9,namecheap,,,09/09/2026 14:45
812c962e-c4aa-4bcb-8cc5-1107b5ce279a,gambian.sydney,available,44.98,54.98,high,low,7,namecheap,,,18/08/2026 19:48
1147d6db-3d82-4b8e-a79a-0a5b9eaef710,belfry.sydney,available,58,58,high,low,6,namesilo,,,23/09/2026 04:56
6928adca-9b9d-44f1-8cf3-1537b0fe53f6,arranged.sydney,available,44.98,54.98,high,low,8,namecheap,,,22/09/2026 08:25
3819bc70-8368-4231-954c-27567b8bc268,fan.sydney,available,58,58,high,medium,3,namesilo,,,23/09/2026 10:11
1b966153-a985-4bb3-84c5-d61cf336e354,lossless.sydney,available,44.98,54.98,medium,low,8,namecheap,,,24/08/2026 09:56
2e43954b-addf-4911-8d68-1eaf15e7987e,ayatollah.sydney,available,44.98,54.98,high,low,9,namecheap,,,21/09/2026 10:36
40925212-0086-4bcc-9e97-d9daa5806d18,glaucous.sydney,available,44.98,54.98,medium,low,8,namecheap,,,20/08/2026 14:16
26366632-65a5-4225-be39-61c1adfb9df3,coloured.sydney,available,44.98,54.98,high,low,8,namecheap,,,22/09/2026 20:29
bf669417-4814-4564-8104-f907ad4e66db,nameless.sydney,available,44.98,54.98,high,low,8,namecheap,,,03/09/2026 12:53
fd32d7bf-2886-4362-8f9e-2806fbadbde8,riffle.sydney,available,44.98,54.98,medium,low,6,namecheap,,,12/09/2026 08:36
1c550c81-2a4f-4e1c-ab4c-649f05c76eb3,successful.sydney,available,76.99,76.99,high,low,10,godaddy,,,28/09/2026 01:49
2cf65d55-6ba0-48a6-96f9-f605be325d03,mclaughlin.sydney,available,58,58,medium,low,10,namesilo,,,27/09/2026 01:56
35459991-680b-4004-be48-c5ea6d8c591f,aberration.sydney,available,58,58,medium,low,10,namesilo,,,16/09/2026 15:14
f1ac1347-f1a2-4286-86e8-b5505926a21b,stupidity.sydney,available,58,58,medium,low,9,namesilo,,,23/09/2026 11:18
d8b809b8-c4e2-4efc-84d5-c70ec6a6bc4d,alopecia.sydney,available,58,58,medium,low,8,namesilo,,,18/09/2026 13:18
d2dc19fa-78f8-4835-b876-8d1fc362e6c0,past.sydney,available,58,58,high,low,4,namesilo,,,27/09/2026 02:57
2f07f832-fd84-4164-bd0c-1c963d3a323e,homo.sydney,available,44.98,54.98,high,low,4,namecheap,,,18/08/2026 20:57
be1d3612-c0c4-4f62-829e-ff5f32b1187d,appaloosa.sydney,available,58,58,medium,low,9,namesilo,,,19/09/2026 19:45
81eb4322-0d97-4227-893f-8e044d3a6924,sing.sydney,premium,90.12,,high,low,4,name.com,,,
babf67be-5f92-43ab-9295-1b47c62cd5c0,synergetic.sydney,available,44.98,54.98,high,low,10,namecheap,,,11/09/2026 06:25
0c1d34ce-8863-4aaa-9a82-faafaccad6df,interstate.sydney,available,84.99,84.99,high,low,10,name.com,,,25/09/2026 10:24
67877531-8fae-452d-85b2-da157d384653,trip.sydney,premium,58,58,high,low,4,namesilo,,,08/09/2026 04:57
81ec4a3e-2d65-406e-9a98-afc0f65fda0a,insured.sydney,available,44.98,54.98,high,low,7,namecheap,,,22/08/2026 07:42
e7cd0ff6-53a3-4ad6-b883-efea7f1130e0,veridical.sydney,available,44.98,54.98,medium,low,9,namecheap,,,13/09/2026 02:24
ca28f88c-3a90-4474-8c0b-ac05b4abd89c,salable.sydney,available,44.98,54.98,high,medium,7,namecheap,,,09/09/2026 20:50
6efd2e1e-3268-4fbf-9ba1-a354414d4b7b,decolor.sydney,available,58,58,medium,low,7,namesilo,,,24/09/2026 05:10
c5debfab-44bc-4e94-9a65-e713e59d61b4,mown.sydney,available,44.98,54.98,medium,low,4,namecheap,,,25/08/2026 09:14
f1a46498-b39c-4c10-bc7c-6d82644417ac,bottomless.sydney,available,44.98,54.98,high,low,10,namecheap,,,10/08/2026 21:21
91ec3633-3b25-4c07-8469-e73724ceca0e,squirrel.sydney,available,54.98,,high,low,8,namecheap,,,
0c119fd8-4d62-4813-8e1c-688d074181e0,bending.sydney,available,84.99,84.99,medium,low,7,name.com,,,23/09/2026 07:44
952c8db7-604f-4efb-9505-9d6ad567d7ee,unbeknown.sydney,available,44.98,54.98,medium,low,9,namecheap,,,12/09/2026 01:47
73e506b4-8c99-4cd0-a665-c9c587bc5587,dai.sydney,available,58,58,high,low,3,namesilo,,,26/09/2026 00:53
966b7318-8114-433a-bd7c-10f20885854d,husbands.sydney,available,42.6,42.6,medium,low,8,dynadot,,,27/09/2026 18:17
76c9dd44-bad3-4a27-aa1c-605063f1c80d,rigel.sydney,available,58,58,medium,low,5,namesilo,,,23/09/2026 10:56
3d4020c7-d569-4322-b49a-a30f17aa36a7,eyed.sydney,available,44.98,54.98,high,low,4,namecheap,,,17/08/2026 20:00
749f2383-90b2-4188-a070-784e0839aecd,pragmatic.sydney,available,44.98,54.98,high,low,9,namecheap,,,21/08/2026 00:30
859091dc-822b-4b8b-88fe-705218ab1138,george.sydney,available,58,58,high,medium,6,namesilo,,,25/09/2026 06:27
b221af88-6c15-4d44-a172-db81d8e69aa0,anise.sydney,available,58,58,high,low,5,namesilo,,,19/09/2026 09:24
ac824674-7cd1-46fb-a48d-a29ecbb34c6b,fasten.sydney,available,54.98,,high,low,6,namecheap,,,
dcaede2a-4949-408d-aa21-1390d8d9505f,esteem.sydney,available,54.98,,high,low,6,namecheap,,,
936beec3-ad67-423e-b3c8-91c310c667fe,naught.sydney,available,44.98,54.98,medium,low,6,namecheap,,,03/09/2026 22:40
a752b1f5-8fbc-4192-b7f9-f395bab40d09,katabatic.sydney,available,44.98,54.98,medium,low,9,namecheap,,,11/08/2026 20:41
cad4e943-7cf2-4ac3-8f07-d50fa7409746,acceptably.sydney,available,44.98,54.98,high,medium,10,namecheap,,,10/09/2026 12:55
4840f151-8c7c-455d-8f9c-cd6fcafd481c,balata.sydney,available,44.98,54.98,medium,low,6,namecheap,,,21/09/2026 21:12
c11c56fb-f1b5-4ac3-a954-7ad0fc718119,dangers.sydney,available,44.98,54.98,medium,low,7,namecheap,,,18/09/2026 04:42
1ab40931-a360-467b-ad88-36726530c5a3,pinwheel.sydney,available,58,58,high,low,8,namesilo,,,17/09/2026 12:41
52a92099-bac5-4e84-827c-64bb80ca233c,unowned.sydney,available,44.98,54.98,medium,low,7,namecheap,,,04/09/2026 22:16
dbcacb77-ebd9-4f9c-a022-6a6f6a9cd5f2,invidious.sydney,available,44.98,54.98,medium,low,9,namecheap,,,22/08/2026 09:04
1708bf1e-3b36-4b3a-aa05-773a8c1c6841,nut.sydney,premium,58,58,high,low,3,namesilo,,,10/09/2026 00:12
39c9f0d0-fec4-4ab3-bcf5-942f2da83d1d,berm.sydney,available,58,58,medium,low,4,namesilo,,,23/09/2026 09:41
dae718e9-0140-4130-91bd-8ba8c50b38ef,disjoint.sydney,available,44.98,54.98,medium,low,8,namecheap,,,14/08/2026 11:09
3d1c57cb-7e2a-4844-bf80-7f6ebdfa998e,intention.sydney,available,44.98,54.98,high,low,9,namecheap,,,22/08/2026 07:55
7ce313c1-fe0f-4f8e-89e9-057a7a44f85e,withering.sydney,available,44.98,54.98,medium,low,9,namecheap,,,
8c9e1fbc-36a2-4391-a88b-6f588e22303e,instore.sydney,available,54.98,,high,low,8,namecheap,,,
629bc843-20ac-4eb2-9194-83d2ac69d0dd,plated.sydney,available,58,58,high,low,6,namesilo,,,17/09/2026 05:15
d88d9cad-ee9c-4b79-9684-49fc919a8b49,arboreous.sydney,available,44.98,54.98,medium,low,9,namecheap,,,06/08/2026 12:59
a75d475c-01e1-4c28-81c3-0dfa3b36d6fe,devoted.sydney,available,58,58,high,low,7,namesilo,,,24/09/2026 08:04
dfdef7ad-bafb-4d75-8e2c-77259a1d27ca,organise.sydney,available,58,58,high,low,8,namesilo,,,23/09/2026 23:21
d1abb2e4-4aab-4173-843e-2f92e2821cce,etch.sydney,available,54.98,,high,low,4,namecheap,,,
14f32747-a9cc-4411-bf52-46b2fc70d04b,unattached.sydney,available,44.98,54.98,medium,low,10,namecheap,,,18/08/2026 14:48
343eb756-bba8-419a-b0df-5302ea408472,bursal.sydney,available,44.98,54.98,medium,low,6,namecheap,,,11/08/2026 11:04
f5fe8afc-de70-4943-8855-29aac45503d2,statistics.sydney,premium,181.01,,high,low,10,name.com,,,
ce9e8e62-4480-457d-a477-f33d4fda77fc,crew.sydney,premium,182.69,182.69,high,high,4,namecheap,,,24/09/2026 19:22
25a2a43d-7af8-404c-aeff-3c6780da7de8,prolix.sydney,available,44.98,54.98,medium,low,6,namecheap,,,09/09/2026 03:04
1b795684-53fb-4623-ab1c-8529eaa4f17f,pearly.sydney,premium,58,58,high,low,6,namesilo,,,08/09/2026 11:21
2fa7600e-2da9-4e85-bab6-7f7840d8c2ff,adient.sydney,available,44.98,54.98,medium,low,6,namecheap,,,
45620462-c8c9-4fad-860b-13313adca95a,disabled.sydney,available,58,58,high,low,8,namesilo,,,24/09/2026 10:55
47b84793-4037-4c47-a50e-130cd2c1aa1e,january.sydney,premium,90.77,,high,low,7,name.com,,,
380bdde2-90a2-4d3b-9fe1-aab2e42d5b2a,aculeus.sydney,available,58,58,medium,low,7,namesilo,,,17/09/2026 05:33
4989a0bc-816c-4d86-8a0c-e3f8ef822ede,flipping.sydney,available,44.98,54.98,high,low,8,namecheap,,,17/09/2026 18:25
2060ad1c-f764-41f3-af9b-84694884ec01,hurts.sydney,available,42.6,42.6,medium,low,5,dynadot,,,27/09/2026 23:53
26c11218-725c-4351-9953-84597d2094d2,alces.sydney,available,58,58,high,low,5,namesilo,,,18/09/2026 03:55
75de1684-a70d-41ac-b0ab-3935b5c1657b,neonatal.sydney,available,44.98,54.98,medium,low,8,namecheap,,,03/09/2026 15:27
4e093a3c-31b6-4349-bb49-278443db6225,newsstand.sydney,available,84.99,84.99,medium,low,10,name.com,,,17/09/2026 05:46
f7183133-7c2c-42c3-b4f9-3baf2bf7733a,taxman.sydney,available,58,58,medium,low,6,namesilo,,,24/09/2026 16:18
44dcf712-0e7e-4653-8b4e-7e3b90700091,lithium.sydney,available,44.98,54.98,high,low,7,namecheap,,,23/08/2026 00:43
e7822b0e-93d0-46ff-86b5-f3b9cbc27810,possibly.sydney,available,54.98,,high,low,8,namecheap,,,
ebe28005-e183-4c03-979d-06cbb1e01639,ideally.sydney,available,54.98,,high,low,7,namecheap,,,
f1a81f99-130a-432f-974b-ef165b01e5aa,uppercase.sydney,available,44.98,54.98,high,low,9,namecheap,,,25/09/2026 16:20
39704952-1be8-49b8-9242-b6f880f1d8f4,madrono.sydney,available,58,58,medium,low,7,namesilo,,,20/09/2026 01:04
3b904a44-944c-42fa-84fd-0c1b21c9a626,officials.sydney,available,58,58,medium,low,9,namesilo,,,17/09/2026 12:28
fbc785eb-f616-48f8-9d4c-68d593728998,abiders.sydney,available,58,58,medium,low,7,namesilo,,,18/09/2026 03:55
b693ad57-974f-4d77-94d7-7621c7d04132,pussyfoot.sydney,available,44.98,54.98,high,medium,9,namecheap,,,10/09/2026 12:24
078ed89a-7b05-475f-af7b-66a7670b7c4f,paused.sydney,available,44.98,54.98,medium,low,6,namecheap,,,18/09/2026 02:16
98ce9a1a-bd6d-489c-8291-deb73d4e5784,lose.sydney,available,54.98,,medium,low,4,namecheap,,,
6661495f-596f-4513-8d49-5b42667b51ac,pastel.sydney,available,44.98,54.98,high,low,6,namecheap,,,08/09/2026 10:04
ea4f72f6-0c22-42bb-9618-86ac3944be47,axilla.sydney,available,58,58,medium,low,6,namesilo,,,20/09/2026 07:40
9dd592ea-1884-46eb-ab92-3c99af5ee34e,wolfe.sydney,available,44.98,54.98,high,low,5,namecheap,,,25/09/2026 10:55
8a7ed680-2631-4bc8-a12c-7204a58d3a75,auditive.sydney,available,44.98,54.98,medium,low,8,namecheap,,,07/08/2026 16:49
896ece2b-905d-432b-99b6-31d0d413435a,yours.sydney,available,54.98,,high,low,5,namecheap,,,
e7b436e9-7855-4a8e-9afa-ec8beba41104,peregrine.sydney,available,44.98,54.98,medium,low,9,namecheap,,,25/08/2026 02:20
7c97ad9e-cd7c-4162-b136-15fd1a8541ff,tend.sydney,available,54.98,,high,low,4,namecheap,,,
294bf2ae-fa36-400e-b4cb-63d310b56064,herzegovina.sydney,available,42.6,42.6,medium,low,11,dynadot,,,27/09/2026 18:47
026ed9a4-ca7f-4b4a-906f-20b422f298ec,energising.sydney,available,44.98,54.98,medium,low,10,namecheap,,,17/08/2026 06:43
2e88fc64-bd9d-424e-b0f0-56292f9d91b0,wannabe.sydney,available,44.98,54.98,medium,low,7,namecheap,,,07/08/2026 05:17
45796ee3-fbbd-4337-be3e-a0f2825b97fb,genuinely.sydney,available,54.98,,high,low,9,namecheap,,,
bb62a2ac-a412-4e32-b3ac-131838834ddf,oldish.sydney,available,44.98,54.98,medium,low,6,namecheap,,,04/09/2026 02:04
14eb26f6-bf81-4c32-a7ac-e5084ab94799,disrepute.sydney,available,58,58,medium,low,9,namesilo,,,24/09/2026 22:34
2c5aba58-1512-4c6b-bb49-8497e946704f,document.sydney,available,54.98,,high,low,8,namecheap,,,
aec0b9e7-6b45-444a-a1e1-47cd3179f852,cleared.sydney,available,58,58,high,low,7,namesilo,,,21/09/2026 14:48
7ee60e44-1fdd-43d9-a858-b32c3929c1ff,hygienic.sydney,available,44.98,54.98,high,low,8,namecheap,,,21/08/2026 16:27
632ce0fb-3c20-47ed-a5ea-4dda781af021,raising.sydney,available,44.98,54.98,high,medium,7,namecheap,,,09/09/2026 09:53
3254c4a9-2ef0-49cf-8216-86b2d90af945,teatime.sydney,available,58,58,high,low,7,namesilo,,,17/09/2026 15:45
54acec72-777b-4aeb-855b-843c45aa2bb3,megalithic.sydney,available,44.98,54.98,medium,low,10,namecheap,,,24/08/2026 19:24
24672649-f4cc-4a38-94c1-36174e9b83ed,metric.sydney,available,44.98,54.98,high,low,6,namecheap,,,25/09/2026 19:58
70d35d69-50aa-4642-a44d-ea069233f0d0,chain.sydney,available,54.98,,high,low,5,namecheap,,,
621327c4-9bd3-4f48-b3d9-ede9af24c50b,weston.sydney,available,58,58,high,low,6,namesilo,,,25/09/2026 05:16
8656c786-7001-4bd9-9ed5-f3fe22c8516f,disclosed.sydney,available,58,58,medium,low,9,namesilo,,,24/09/2026 11:06
a6a2a12e-aea7-488c-90ae-a91a1b0ec5aa,consoling.sydney,available,44.98,54.98,high,low,9,namecheap,,,12/08/2026 22:42
0d365ea6-77f5-4da0-b0e1-96780315a2aa,bat.sydney,premium,185.12,185.12,high,low,3,namecheap,,,20/09/2026 18:59
98f076ee-c180-40ba-8e48-b1c9b6ac8732,ambergris.sydney,available,58,58,medium,low,9,namesilo,,,18/09/2026 16:37
21ca499c-cfa1-47eb-a132-dbf51580d141,gandhian.sydney,available,44.98,54.98,high,low,8,namecheap,,,18/08/2026 20:06
37c849d7-74bc-4c8c-9b8f-7039bd895a59,encased.sydney,available,44.98,54.98,medium,low,7,namecheap,,,11/08/2026 20:06
e9ab3915-973c-485e-a67f-bbf50af1e247,adventism.sydney,available,58,58,medium,low,9,namesilo,,,17/09/2026 10:32
82c4e33c-3bb3-4380-8a2b-d87c8a7b5461,iris.sydney,premium,,,high,medium,4,,,,28/09/2026 01:54
b214aa42-99a3-4fc7-88e6-595ecfb50402,begum.sydney,available,58,58,medium,low,5,namesilo,,,23/09/2026 03:01
7e41f9ef-2e03-4c92-8706-8e8a5663ff02,kramer.sydney,available,58,58,high,low,6,namesilo,,,25/09/2026 11:57
29684f60-f6f1-407f-a675-bddc2bf0048b,polymeric.sydney,available,44.98,54.98,medium,low,9,namecheap,,,08/09/2026 23:25
c31b9a5e-93f3-4feb-800c-8590a04de63d,blond.sydney,available,58,58,high,low,5,namesilo,,,22/09/2026 22:15
7d01bcb9-04db-41f9-9833-81d6161e1497,expire.sydney,available,54.98,,medium,low,6,namecheap,,,
4750185e-8401-49dc-bbba-2a4115bf46a6,assessment.sydney,available,58,58,high,low,10,namesilo,,,19/09/2026 22:08
f4e04556-bc41-4abe-9ffe-69ee93731ec3,haired.sydney,available,44.98,54.98,medium,low,6,namecheap,,,20/08/2026 22:09
b392cffb-b7f5-4d00-9adb-a0bae57c6f21,punic.sydney,available,44.98,54.98,medium,low,5,namecheap,,,11/08/2026 19:51
de8c78e9-c769-43ab-9350-c96531d1a92e,theft.sydney,available,44.98,54.98,high,low,5,namecheap,,,08/09/2026 07:55
6ff71ce1-a407-4476-91ae-c3784032e637,ordinal.sydney,available,44.98,54.98,high,low,7,namecheap,,,04/09/2026 17:44
d997d293-ca7a-40c5-b417-5b435274a2f1,showing.sydney,available,58,58,high,low,7,namesilo,,,25/09/2026 10:36
64cd0d02-5114-4b27-b224-a1a852037449,reasons.sydney,available,44.98,54.98,medium,low,7,namecheap,,,25/09/2026 20:13
c6b97ba5-fd78-47b5-bdcb-93dc4779e373,note.sydney,available,54.98,,high,low,4,namecheap,,,
6db79dcb-92c8-41e9-882d-36f468a46620,beverage.sydney,available,44.98,54.98,high,low,8,namecheap,,,23/09/2026 19:28
3b259850-89ca-4d26-99d3-914099d7c46c,motivate.sydney,available,58,58,high,low,8,namesilo,,,27/09/2026 07:34
8a56613f-8818-4981-9371-795f45bf052a,incredibly.sydney,available,44.98,54.98,high,low,10,namecheap,,,14/09/2026 17:21
1e19e751-426c-4853-a012-76b9a3a5630d,crabwise.sydney,available,44.98,54.98,medium,low,8,namecheap,,,13/08/2026 04:14
56b77a7e-435d-484c-9a9b-c83be97119a4,permission.sydney,available,58,58,high,low,10,namesilo,,,25/09/2026 09:53
19b6cf54-cdb4-429a-bd71-099fd259b1e5,swimsuit.sydney,available,58,58,high,low,8,namesilo,,,22/09/2026 13:37
929ed44d-46a8-4f1a-8197-da495803d3fe,khakis.sydney,available,54.98,,high,low,6,namecheap,,,
45ea0de4-699b-400c-bac5-3fd3053fef1c,undressed.sydney,available,44.98,54.98,medium,low,9,namecheap,,,12/09/2026 00:51
b7da6ebb-99a9-43c2-bb49-ad67ea4b2f75,technetium.sydney,available,44.98,54.98,medium,low,10,namecheap,,,20/09/2026 23:06
8b85f4c6-be37-4665-8e08-31b11d796289,bibos.sydney,available,58,58,low,low,5,namesilo,,,23/09/2026 13:02
20433f23-45e6-49ba-be28-6aa869cf7c05,antiquated.sydney,available,44.98,54.98,medium,low,10,namecheap,,,
a617bd6b-5257-47f9-bef3-2bc195941f86,petite.sydney,available,44.98,54.98,medium,low,6,namecheap,,,08/08/2026 14:24
c8e5fbb7-70e8-4d86-aa93-396f19ed242e,relevant.sydney,available,44.98,54.98,high,low,8,namecheap,,,09/09/2026 13:33
2674f0c3-e97b-492b-bc5d-a7ee2e8e83f6,sunburn.sydney,available,44.98,54.98,high,low,7,namecheap,,,11/09/2026 07:53
51581e02-0d48-48cd-b4ee-05df544ca87a,five.sydney,premium,58,58,high,low,4,namesilo,,,
9473cadd-1c64-47c0-8617-8b0a96a83a80,crosby.sydney,available,58,58,high,low,6,namesilo,,,23/09/2026 17:15
b40f9997-fe1e-4a6f-9f4a-beb1c205ac88,prettily.sydney,available,44.98,54.98,medium,low,8,namecheap,,,15/09/2026 21:22
42640db0-97a0-4181-a463-b28a80f57b00,improvised.sydney,available,44.98,54.98,high,low,10,namecheap,,,21/08/2026 23:19
8b753697-5337-4734-b9c4-8281a02cab74,abnormalcy.sydney,available,58,58,medium,low,10,namesilo,,,16/09/2026 16:19
900bf538-a42e-4159-ab9e-619449736415,bruising.sydney,available,44.98,54.98,medium,low,8,namecheap,,,11/08/2026 06:34
b1638135-4a7f-431e-9c9b-79a377993185,balderdash.sydney,available,44.98,54.98,medium,low,10,namecheap,,,21/09/2026 21:39
717e1cec-61e1-4f0f-8069-c8fc932c1cd5,sinusoidal.sydney,available,44.98,54.98,high,low,10,namecheap,,,10/09/2026 08:42
5bb50717-68d7-49be-88e7-3265cc1c23be,artistic.sydney,available,44.98,54.98,high,low,8,namecheap,,,22/09/2026 09:09
9ed514a8-427f-4659-8509-32e54b544b8e,export.sydney,available,,,high,low,6,,,,
b1860660-3c18-4ae1-ae9e-b7fad6dfd36d,blackened.sydney,available,44.98,54.98,medium,low,9,namecheap,,,10/08/2026 11:47
83eb3ae5-730b-44ca-9367-88752da1c22f,keeper.sydney,available,58,58,high,low,6,namesilo,,,24/09/2026 20:39
388e163d-c784-4680-990e-40e7afc0fd62,gorki.sydney,available,58,58,medium,low,5,namesilo,,,18/09/2026 05:08
16ef711f-299c-4868-9b26-46b9207aea3b,ideologic.sydney,available,44.98,54.98,medium,low,9,namecheap,,,21/08/2026 18:04
1cc20c1c-63d6-4efc-9200-136e791e8f1b,unlisted.sydney,available,44.98,54.98,high,low,8,namecheap,,,12/09/2026 14:55
cf52608b-c5e2-4df2-a215-efc424e76235,chaldea.sydney,available,58,58,medium,low,7,namesilo,,,21/09/2026 13:52
40f39c03-05fb-41af-9540-6f4955fb4e6b,personnel.sydney,available,58,58,high,low,9,namesilo,,,27/09/2026 15:14
28ac7578-58d3-4fc7-a98d-8a346b5b2254,attachments.sydney,available,58,58,medium,low,11,namesilo,,,21/09/2026 01:43
e8470db5-e76b-4737-beb1-05f3eea2b661,propose.sydney,available,54.98,,high,low,7,namecheap,,,
aa235d8c-bfc0-4860-a0ff-c249e3af3a57,hominid.sydney,available,44.98,54.98,medium,low,7,namecheap,,,21/08/2026 12:39
be183cad-3cf0-4b2d-93cc-85ba2f63cea9,make.sydney,available,58,58,high,medium,4,namesilo,,,27/09/2026 10:16
74bf1b6e-ec4a-41c3-807d-7ae0317d4353,apical.sydney,available,44.98,54.98,medium,low,6,namecheap,,,05/08/2026 23:58
d9df7167-ff5d-4b04-91c9-6d1c5fd40ea5,tangled.sydney,available,44.98,54.98,medium,low,7,namecheap,,,11/09/2026 07:59
96556ee4-5e53-4813-8157-80024c57ec76,postcards.sydney,available,58,58,medium,low,9,namesilo,,,18/09/2026 23:33
da647716-ae77-4ad5-b9db-2fc3e83fe538,agility.sydney,available,44.98,54.98,high,low,7,namecheap,,,17/09/2026 17:49
32b04094-e2e5-4cdb-82a4-86e2e57fd970,insurgent.sydney,available,44.98,54.98,medium,low,9,namecheap,,,22/08/2026 07:44
5bbc2fa7-2fa5-490a-9b52-b33222c5e03a,sheathed.sydney,available,44.98,54.98,high,medium,8,namecheap,,,10/09/2026 06:12
5965a5ff-d5de-4f9d-b9e9-d3e3334fc68d,dope.sydney,available,44.98,54.98,high,low,4,namecheap,,,24/08/2026 10:28
ba39a576-8798-4186-89a6-a987896eb059,damned.sydney,available,58,58,medium,low,6,namesilo,,,22/09/2026 21:41
5636ec6c-b0d7-4f2d-9d55-9ea3dc9884f0,billyo.sydney,available,84.99,84.99,medium,low,6,name.com,,,18/09/2026 09:10
2211e073-e35c-4d0a-8913-58bf5d457f72,vaccination.sydney,available,54.98,,high,low,11,namecheap,,,
1ef433bc-0478-44da-9686-ed6b43f999d8,lenticular.sydney,available,44.98,54.98,high,low,10,namecheap,,,09/08/2026 19:26
3d72503b-d606-4a4c-8158-44fe57aa6a90,mutilated.sydney,available,44.98,54.98,medium,low,9,namecheap,,,24/08/2026 13:22
c3d852e6-b2db-4f07-9776-210fc810c764,begetter.sydney,available,58,58,medium,low,8,namesilo,,,23/09/2026 02:08
c76ba32d-aad6-46f8-a194-2619ef1785f7,aligned.sydney,available,44.98,54.98,high,low,7,namecheap,,,
e814532f-b1a1-4a69-a9fa-55955baeb42b,assigned.sydney,available,44.98,54.98,medium,low,8,namecheap,,,07/08/2026 06:35
a2998db6-28e3-4bac-8308-52683a2b453e,colored.sydney,available,44.98,54.98,high,low,7,namecheap,,,22/09/2026 20:23
6ef8901e-af49-4307-9afa-c69154f5267b,tycoons.sydney,available,58,58,medium,low,7,namesilo,,,19/09/2026 22:53
f57c246e-3b74-496e-a803-003830078282,crackers.sydney,available,44.98,54.98,medium,low,8,namecheap,,,06/08/2026 20:45
c656deb2-93d5-4d43-bf82-82dc0ab66f32,shuha.sydney,available,44.98,54.98,medium,low,5,namecheap,,,10/09/2026 07:04
9874ea39-8259-4458-a536-8d2da7ab7611,celluloid.sydney,available,44.98,54.98,high,low,9,namecheap,,,11/08/2026 23:34
e97cdff6-37ca-47e7-9f5a-b588bbcb54c1,twaddle.sydney,available,44.98,54.98,medium,low,7,namecheap,,,21/09/2026 23:55
6b7f37a3-5589-4e57-9ae2-f06ea678e705,madcap.sydney,available,44.98,54.98,high,low,6,namecheap,,,11/08/2026 01:38
0c14d331-fab2-4e36-86bb-6334325545d3,directive.sydney,available,44.98,54.98,high,low,9,namecheap,,,14/08/2026 08:48
2baeb884-d1a7-405c-93bc-abd8de320d43,species.sydney,available,58,58,high,low,7,namesilo,,,26/09/2026 00:22
556bd2ae-26d1-429f-a5a9-43ae5db6b454,deadlines.sydney,available,58,58,medium,low,9,namesilo,,,21/09/2026 08:50
c64bac38-39ec-42aa-b4aa-14c3dcf7c433,kinetic.sydney,available,44.98,54.98,high,low,7,namecheap,,,17/08/2026 06:45
bb620bec-1f21-4b55-b0c1-ac1211e713d5,imposter.sydney,available,44.98,54.98,medium,low,8,namecheap,,,09/09/2026 04:57
4feb603a-d7eb-4d50-af4a-76af2a60e2a5,olsen.sydney,available,44.98,54.98,high,low,5,namecheap,,,25/09/2026 12:35
53bcf897-3e35-4418-a176-01ed9aed914a,albedo.sydney,available,58,58,high,low,6,namesilo,,,18/09/2026 02:30
d254f7d2-bf45-47b8-8dad-15b3832788dd,arouet.sydney,available,58,58,medium,low,6,namesilo,,,20/09/2026 08:30
98b48486-d8e0-4317-811f-79556279f375,fellow.sydney,available,44.98,54.98,high,low,6,namecheap,,,22/09/2026 21:55
f72f96b7-3251-4460-aca3-ba4d3ee9ba62,wellbeing.sydney,premium,179.9,,high,low,9,name.com,,,
b366550b-f944-4bae-8cef-2aad69a1f166,sandwich.sydney,available,54.98,,high,low,8,namecheap,,,
1af41063-4396-42eb-9519-f1465ef2396f,regional.sydney,available,58,58,high,low,8,namesilo,,,27/09/2026 11:26
4cd1bc91-5a12-4154-97b5-1eaa8cccce4a,laced.sydney,available,44.98,54.98,high,low,5,namecheap,,,22/08/2026 17:44
1a9ead89-95f7-4237-8d51-553486af5c1a,proclaimed.sydney,available,58,58,high,low,10,namesilo,,,22/09/2026 05:13
c210280e-e61d-4a6b-b91b-90bfd9fbd6ad,acapulco.sydney,available,44.98,54.98,high,low,8,namecheap,,,16/09/2026 21:10
01c143cd-4d38-4f38-b677-f5f1c5da596e,variegated.sydney,available,44.98,54.98,medium,low,10,namecheap,,,13/09/2026 01:18
44d90d4f-2a9d-441e-8832-d57a20c1982b,bristol.sydney,available,44.98,54.98,high,low,7,namecheap,,,24/09/2026 10:36
ab3d828c-dfa3-49b7-b2eb-ad4194c39d95,attar.sydney,available,44.98,54.98,medium,low,5,namecheap,,,20/09/2026 19:21
d2d8a94a-18a8-4663-bc7e-f3d44e4547da,mauve.sydney,available,44.98,54.98,high,low,5,namecheap,,,24/08/2026 17:37
f5e83ade-ff2e-4fa0-a6ef-7b78d9b1934e,kgb.sydney,premium,89.65,,high,low,3,name.com,,,
d8e2ea37-c803-41d1-8405-6a43c5871f7a,resurgent.sydney,available,44.98,54.98,high,low,9,namecheap,,,09/09/2026 13:53
8300b9ef-6be7-43e1-93d5-ac9fb59e544c,aesculus.sydney,available,58,58,medium,low,8,namesilo,,,17/09/2026 13:22
85dccb6f-544e-457a-abdb-2544506df4e5,critique.sydney,available,54.98,,high,low,8,namecheap,,,
55a54faf-682d-4f01-b02b-41ea46bc3905,aflare.sydney,available,44.98,54.98,medium,low,6,namecheap,,,
948521bd-c7af-4ab2-9e42-53eb142d94fa,raccoon.sydney,available,54.98,,high,low,7,namecheap,,,
5fe78e60-a30c-472d-a3dd-52c5e170f993,forehead.sydney,available,54.98,,high,low,8,namecheap,,,
672960c8-fdf4-418b-a3a0-1ce90cbd1b91,distract.sydney,available,54.98,,high,low,8,namecheap,,,
106647f1-dbbd-4db5-93b5-a17064fd292a,behring.sydney,available,58,58,high,low,7,namesilo,,,23/09/2026 04:03
f593d6e9-36a7-46d1-a436-cfb5ad5cdc56,filipino.sydney,available,44.98,54.98,high,low,8,namecheap,,,18/08/2026 04:19
d74b4833-dd8d-41d2-a8f3-c2b7b32b0156,banneret.sydney,available,58,58,medium,low,8,namesilo,,,22/09/2026 02:54
9a8e7533-f460-4e05-a71f-5f83a44a422a,evenfall.sydney,available,44.98,54.98,medium,low,8,namecheap,,,11/09/2026 21:46
6c907fe5-2230-4004-89de-54cb9fa4358d,created.sydney,available,54.98,,high,low,7,namecheap,,,
4537669b-5a6e-4b43-afae-3dcda17f1a01,fulminant.sydney,available,44.98,54.98,medium,low,9,namecheap,,,18/08/2026 18:18
7d290dc2-ca58-4d43-b626-2c00cf2e6272,leukemia.sydney,available,44.98,54.98,medium,low,8,namecheap,,,24/09/2026 11:59
75ecb964-46b5-4ec4-8018-0bebdc63b7a4,stradivari.sydney,available,58,58,medium,low,10,namesilo,,,19/09/2026 15:41
35173374-afff-4440-ae9b-da0b4e37c9b7,belt.sydney,available,54.98,,high,low,4,namecheap,,,
061ba5d9-3f49-4fca-b41e-e5f8e1c61a01,stoned.sydney,available,44.98,54.98,medium,low,6,namecheap,,,10/09/2026 21:10
c3d504c4-c7ea-477d-990d-d24dfc94114e,scoff.sydney,available,44.98,54.98,medium,low,5,namecheap,,,22/08/2026 12:41
14dcbd68-7818-47c4-8281-74cbc58c0395,darter.sydney,available,44.98,54.98,medium,low,6,namecheap,,,19/09/2026 08:19
fe60d952-7452-4ea3-8589-c8a3340f0238,outdoor.sydney,premium,906.5,,high,low,7,name.com,,,
c106d559-a889-438c-aaf6-2724b66c5e6b,pushed.sydney,available,44.98,54.98,medium,low,6,namecheap,,,25/09/2026 18:24
1c125a7b-0a6f-42f3-91e6-f92b81e3e9f5,throws.sydney,available,58,58,medium,low,6,namesilo,,,19/09/2026 00:51
c84d2afa-03c3-499f-b206-c451ee661709,brainwaves.sydney,available,58,58,medium,low,10,namesilo,,,20/09/2026 12:58
a14d823f-53f8-4de1-8eae-0caf08e924a9,bernoulli.sydney,available,44.98,54.98,medium,low,9,namecheap,,,23/09/2026 09:57
05050ba6-f796-43e1-a446-df4323d68303,agronomy.sydney,available,44.98,54.98,medium,low,8,namecheap,,,17/09/2026 19:42
e8bc59ba-1749-4ab5-ac2f-28cf13638490,evansville.sydney,available,76.99,76.99,high,low,10,godaddy,,,28/09/2026 01:52
e0ee0d4e-5dbf-40ce-a876-a222bb138a69,traded.sydney,available,44.98,54.98,medium,low,6,namecheap,,,25/09/2026 20:44
c6cfb25f-81b4-4178-b693-5b34ddefd0c6,higher.sydney,available,54.98,,high,low,6,namecheap,,,
9a0fe52a-bf21-4c80-bdbf-84521503f943,decorous.sydney,available,44.98,54.98,medium,low,8,namecheap,,,09/08/2026 06:21
484c7fbb-c8ec-4ad1-97d8-a3b9941470da,kevin.sydney,available,,,high,medium,5,,,,25/09/2026 18:28
2af2104a-4595-43b6-a7d8-affe8fbfb0c8,excursive.sydney,available,44.98,54.98,medium,low,9,namecheap,,,17/08/2026 16:39
b3470942-80b7-4bc0-bdc2-cfa7b75c5150,prow.sydney,available,44.98,54.98,medium,low,4,namecheap,,,18/08/2026 11:28
c33cfbd1-db53-4dea-8286-a7a3fb4ce2df,attache.sydney,available,58,58,high,low,7,namesilo,,,21/09/2026 01:04
6645a6cf-f685-40c3-95b6-d4cb3ac6934b,slippy.sydney,available,44.98,54.98,medium,low,6,namecheap,,,10/09/2026 11:03
b9c6eae9-9662-4c1f-89d5-ba6f8a897ee4,housing.sydney,available,58,58,high,low,7,namesilo,,,24/09/2026 12:13
5cdec7c0-818e-4c51-8377-dac55a93b9bb,calhoun.sydney,available,44.98,54.98,medium,low,7,namecheap,,,27/09/2026 03:19
69bf02d9-0a3c-420a-96b6-3a531cf8fe46,permian.sydney,available,58,58,high,low,7,namesilo,,,27/09/2026 15:11
811d29ad-007d-4f49-a697-e56b88ee1430,bowelless.sydney,available,44.98,54.98,high,medium,9,namecheap,,,10/08/2026 23:08
b182ff36-b832-48a4-b2ec-5392a4346eec,nuprin.sydney,available,58,58,medium,low,6,namesilo,,,17/09/2026 11:20
90b09bce-1e28-40b6-907b-e77ea7fa8b04,secluded.sydney,available,58,58,high,low,8,namesilo,,,27/09/2026 06:24
672be19d-fead-4085-965e-032706002554,lidless.sydney,available,44.98,54.98,medium,low,7,namecheap,,,23/08/2026 01:17
21bc0f0e-45af-4c53-a408-f0bfce3fffb7,pal.sydney,premium,89.6,,high,low,3,name.com,,,
15b1395b-a875-444e-9896-89b829d1c0f9,humdrum.sydney,available,44.98,54.98,medium,low,7,namecheap,,,21/08/2026 15:05
c5f3a8c6-422a-47ab-9061-01511bad2884,upstart.sydney,available,44.98,54.98,high,low,7,namecheap,,,25/09/2026 23:17
b70d60b2-e929-4d49-92d8-7cf14a383085,stale.sydney,available,44.98,54.98,medium,low,5,namecheap,,,10/09/2026 18:24
cd90ff52-3568-4e83-917c-72318c358ddf,shelter.sydney,available,54.98,,high,low,7,namecheap,,,
8457c672-c872-4915-9575-24ca90402166,demode.sydney,available,44.98,54.98,medium,low,6,namecheap,,,14/08/2026 01:13
f100d233-99b3-40a6-b68a-0d392c6fc38a,counterfeits.sydney,available,44.98,54.98,low,low,12,namecheap,,,19/09/2026 21:40
32ef49fa-feb8-45ae-a060-d05dfe28d76d,frumpy.sydney,available,44.98,54.98,medium,low,6,namecheap,,,18/08/2026 17:06
c1cf5557-f328-46e8-b36e-fe18b9a62472,midday.sydney,available,54.98,,high,low,6,namecheap,,,
885289fd-721e-4a05-9965-d323a46989b5,computers.sydney,available,58,58,high,low,9,namesilo,,,24/09/2026 02:05
92c3ce03-5ac5-4826-8378-132da3130144,refused.sydney,available,58,58,medium,low,7,namesilo,,,18/09/2026 13:40
79941264-e73f-401b-a3d3-07eac379648f,directly.sydney,available,58,58,high,low,8,namesilo,,,24/09/2026 10:41
68be4d45-9c71-4424-a5f0-d97bac3b2c28,araceae.sydney,available,58,58,medium,low,7,namesilo,,,19/09/2026 23:36
ce1d4b41-cc2f-44f0-854c-d7b02903db54,gravid.sydney,available,44.98,54.98,medium,low,6,namecheap,,,16/08/2026 22:11
df68da23-49e0-403f-ba83-e98cc11407ce,html.sydney,available,54.98,,high,low,4,namecheap,,,
9f44fa9f-f559-49f3-a5d2-b5c8f1034470,whippy.sydney,available,44.98,54.98,medium,low,6,namecheap,,,13/09/2026 11:26
de83a41c-2fb4-4355-a5d3-20b72bc39fa3,iaa.sydney,available,58,58,medium,low,3,namesilo,,,17/09/2026 07:22
a67edf4b-731d-4b46-83be-0490d8967adc,radius.sydney,available,58,58,high,low,6,namesilo,,,28/09/2026 03:00
5988e41e-2ea2-48b3-9f9f-015b4018107a,dispose.sydney,available,54.98,,high,low,7,namecheap,,,
44ea0763-e24b-475a-978c-ea0a23cf1ad3,cochrane.sydney,available,58,58,medium,low,8,namesilo,,,27/09/2026 01:53
a6e821f1-6ad1-402e-b654-d5ef3d87d458,heretical.sydney,available,44.98,54.98,medium,low,9,namecheap,,,14/08/2026 12:35
adc498a7-6df2-4c02-abe5-27ac52eec66c,estimators.sydney,available,58,58,medium,low,10,namesilo,,,20/09/2026 23:34
9c8ac885-9081-4ad8-b735-e6e2e3efbee8,presumable.sydney,available,44.98,54.98,high,medium,10,namecheap,,,09/09/2026 01:45
34303641-f98f-457b-a76e-bef7079525a5,pitahaya.sydney,available,58,58,medium,low,8,namesilo,,,16/09/2026 20:46
7683d615-0cb1-4820-a19a-a816e8a7972d,skyline.sydney,available,44.98,54.98,high,low,7,namecheap,,,19/09/2026 20:18
1d5f8848-f4a7-4f70-806d-7c6d0feebf89,maxi.sydney,available,44.98,54.98,high,low,4,namecheap,,,24/08/2026 17:46
bb440f14-b73f-4e33-b4a7-fe71c5e6f407,obscurely.sydney,available,44.98,54.98,medium,low,9,namecheap,,,15/09/2026 17:13
06247dd2-553d-427d-b0cb-1709bf9c5eef,prolific.sydney,available,58,58,high,low,8,namesilo,,,27/09/2026 07:21
3df34ab3-68e8-47e3-b0ae-2da2d4b5b7ee,cram.sydney,available,44.98,54.98,high,low,4,namecheap,,,10/08/2026 18:14
1278986b-a902-491d-8ce6-79338e549897,camille.sydney,available,58,58,high,low,7,namesilo,,,27/09/2026 07:42
ec03506d-6d70-4c4d-9051-6f64b8e43bf8,negotiations.sydney,available,58,58,medium,low,12,namesilo,,,17/09/2026 08:01
e6e81fc2-2c52-4c5f-b184-a89c0a17a01d,hard.sydney,available,44.98,54.98,high,low,4,namecheap,,,06/08/2026 16:55
d6ea8273-5a1b-42ae-b5b0-18f4b8413c14,benzedrine.sydney,available,58,58,medium,low,10,namesilo,,,23/09/2026 08:31
132f683d-a8a8-423c-8eb6-8779bbf88b12,mean.sydney,available,44.98,54.98,high,low,4,namecheap,,,22/09/2026 18:47
b0362b71-4d40-4615-8578-9d89ef77b7ec,lowercase.sydney,available,44.98,54.98,high,low,9,namecheap,,,25/09/2026 15:23
a544b201-21a4-4207-b9b2-db554fc99018,dice.sydney,available,54.98,,high,low,4,namecheap,,,
73e9f522-7da2-467d-824b-d42a4aa26618,superfine.sydney,available,44.98,54.98,high,low,9,namecheap,,,04/09/2026 21:37
6b42fefa-39fd-446a-b942-ea9ffa8d52f3,devours.sydney,available,58,58,low,low,7,namesilo,,,21/09/2026 08:47
7c9425da-9140-446c-b23e-9b486de0e778,algerian.sydney,available,44.98,54.98,high,low,8,namecheap,,,
3baf73cc-ec72-42a3-ab18-e7cbdfa063ff,seth.sydney,available,58,58,high,low,4,namesilo,,,25/09/2026 10:39
6138b77f-693e-4adb-90b6-030e95e2f5bc,spangly.sydney,available,44.98,54.98,medium,low,7,namecheap,,,18/08/2026 21:20
c8c4de95-92b7-441c-97b1-8acae2e6efb5,roseate.sydney,available,44.98,54.98,high,medium,7,namecheap,,,09/09/2026 18:40
f68627a7-24c7-43a7-9907-d0a83f0f0f8c,stringent.sydney,available,44.98,54.98,medium,low,9,namecheap,,,10/09/2026 22:40
0742c570-fdbf-40bc-9679-4a44565084cd,dismissive.sydney,available,44.98,54.98,medium,low,10,namecheap,,,14/08/2026 11:49
7dc9ed84-1d62-48de-a29e-f2ecaec7cf91,gip.sydney,premium,58,58,medium,low,3,namesilo,,,14/09/2026 08:07
4078e1dc-52f0-41e6-8876-fcdf72704845,blest.sydney,available,44.98,54.98,medium,low,5,namecheap,,,10/08/2026 14:15
297d4119-a58c-431b-a84b-8171979b91ac,pronounced.sydney,available,44.98,54.98,high,low,10,namecheap,,,25/09/2026 16:53
35bf0b85-e997-4e85-be29-95f22641bc4f,sworn.sydney,available,44.98,54.98,high,low,5,namecheap,,,27/09/2026 04:14
fc2dff0d-317f-406b-9cd1-11083272e3e2,wrongful.sydney,available,54.98,,medium,low,8,namecheap,,,
691d83c3-0ccb-49fc-99b1-ca1d45af120d,proceed.sydney,available,54.98,,high,low,7,namecheap,,,
aacab77e-b3b9-400a-9483-549375dd3e8b,twoscore.sydney,available,44.98,54.98,medium,low,8,namecheap,,,
5f628b02-363d-490a-aab0-68edc2749e0d,cuddly.sydney,available,44.98,54.98,high,low,6,namecheap,,,13/08/2026 10:11
72ad1e99-44e8-4877-9f9d-d05305ef6194,spend.sydney,available,58,58,high,low,5,namesilo,,,19/09/2026 13:57
b9daf861-6faa-4270-810f-f28609c3586e,protest.sydney,available,54.98,,high,low,7,namecheap,,,
8acfff88-0a89-4464-b7c7-fd1789b6c31a,grandkids.sydney,available,58,58,medium,low,9,namesilo,,,19/09/2026 23:28
e1a81112-3345-4816-a9a0-6bfc99325175,precooled.sydney,available,44.98,54.98,high,medium,9,namecheap,,,09/09/2026 01:18
4c5a1469-dd85-4f80-a8b3-74f2dc20996d,sidewise.sydney,available,44.98,54.98,high,medium,8,namecheap,,,10/09/2026 07:48
6610a245-460f-4589-b361-fa40181dbb07,razor.sydney,available,54.98,,high,low,5,namecheap,,,
59cb0e87-b288-4290-a11c-5637a2979eb9,decided.sydney,available,44.98,54.98,high,low,7,namecheap,,,13/08/2026 21:20
6057887a-3e7f-47d2-9893-7b67d9401df9,pentatonic.sydney,available,44.98,54.98,medium,low,10,namecheap,,,08/09/2026 15:05
1f871489-0aad-44ce-9a2e-c9163a233234,antiviral.sydney,available,44.98,54.98,high,low,9,namecheap,,,05/08/2026 20:06
7358bc86-83d0-4c8a-8c63-32e5645d762a,modeling.sydney,available,58,58,high,low,8,namesilo,,,24/09/2026 15:25
fc068403-87b1-4eb0-9146-817f4cb50018,pamela.sydney,premium,90.22,,high,low,6,name.com,,,
6941e4be-cb49-411c-8c47-3f7890992758,zovirax.sydney,available,58,58,medium,low,7,namesilo,,,17/09/2026 05:42
a83f5960-aadc-471f-b7b6-214324c8f848,powerless.sydney,available,44.98,54.98,high,medium,9,namecheap,,,09/09/2026 00:56
cc3b939f-a23f-4ffe-8532-ec9a3c6042b3,saltish.sydney,available,44.98,54.98,high,medium,7,namecheap,,,09/09/2026 20:57
0cf1e242-d1fc-46cb-92c4-5a45e5120485,capt.sydney,available,58,58,high,low,4,namesilo,,,25/09/2026 12:23
53ac0d1a-8fc0-4a77-b22d-0571a92e0014,approximately.sydney,available,58,58,medium,low,13,namesilo,,,27/09/2026 08:28
c4ca1d6e-d769-4e40-88f1-ff44cb521c91,doglike.sydney,available,44.98,54.98,medium,low,7,namecheap,,,14/08/2026 15:07
05a5b488-1f6b-4c84-9760-3dfd774247ee,afoot.sydney,available,44.98,54.98,medium,low,5,namecheap,,,
34d4f63a-2dde-46de-8987-b7fd917c2594,feasible.sydney,available,44.98,54.98,high,low,8,namecheap,,,17/08/2026 16:48
4e2708b2-3a7a-4d8b-b79b-ac6149cecf1a,california.sydney,available,54.98,,high,low,10,namecheap,,,
f248a582-e0f9-47ae-a21a-50ad10f71181,als.sydney,available,58,58,high,low,3,namesilo,,,18/09/2026 14:14
877dce55-ce7c-43c6-b18d-c1c1a67bd521,february.sydney,available,54.98,,high,low,8,namecheap,,,
415873c4-4e92-40e2-bdf9-bab215cf1e61,dip.sydney,premium,183.76,183.76,high,low,3,namecheap,,,24/09/2026 10:33
2670e681-2017-48c9-8cac-7019713c27cd,bangtail.sydney,available,58,58,medium,low,8,namesilo,,,22/09/2026 02:02
c0af1a37-4532-4893-a429-14b6405d4613,berries.sydney,available,58,58,medium,low,7,namesilo,,,19/09/2026 15:37
5d5159f9-0234-4f22-8683-6ca4a0ed9ce7,futureless.sydney,available,44.98,54.98,low,low,10,namecheap,,,18/08/2026 19:15
a6c5e6e0-af90-443f-9785-300ee99de903,inshore.sydney,available,44.98,54.98,high,low,7,namecheap,,,22/08/2026 06:53
c3c12bf0-bc59-407f-b4e8-09c653bc70ca,wobbly.sydney,available,58,58,high,low,6,namesilo,,,27/09/2026 14:59
0d7d128d-93ab-4300-aacc-7a16a898e6a9,picks.sydney,available,58,58,medium,low,5,namesilo,,,20/09/2026 07:23
fb803cc1-8d3e-43be-924e-0ac2aa9334eb,difference.sydney,available,54.98,,high,low,10,namecheap,,,
3d4493dd-27d5-47e6-9ec3-2d50a20dc3f0,raspberry.sydney,available,44.98,54.98,medium,low,9,namecheap,,,24/09/2026 06:43
57215228-c039-4819-ad91-c6439291b815,squawky.sydney,available,44.98,54.98,low,low,7,namecheap,,,11/08/2026 12:26
2b20da04-c90b-4fea-9eda-4ad5a4d7f050,yersin.sydney,available,44.98,54.98,medium,low,6,namecheap,,,18/09/2026 05:59
2fd46ecb-c935-41b2-9dc7-3dc25fe02f86,victories.sydney,available,58,58,medium,low,9,namesilo,,,18/09/2026 09:23
6ac6a139-d127-4511-98a2-cc55973d4913,allusive.sydney,available,44.98,54.98,medium,low,8,namecheap,,,
01818a37-95fc-4b54-904e-9fb73097e0f1,converted.sydney,available,58,58,high,low,9,namesilo,,,23/09/2026 00:43
e7690829-affe-4b97-8b03-74a0d0c3978f,singly.sydney,available,44.98,54.98,medium,low,6,namecheap,,,15/09/2026 08:03
62b044e0-6474-4be1-b55c-0896062ba566,balls.sydney,premium,90.69,,high,low,5,name.com,,,
7306f491-ad18-4c08-837a-ff8f13d50539,addible.sydney,available,44.98,54.98,medium,low,7,namecheap,,,
a0abb0e8-0602-49fe-a163-d7898f862434,becomes.sydney,available,44.98,54.98,medium,low,7,namecheap,,,27/09/2026 10:31
05032973-05fd-4ae4-a84f-7649ee61b67b,practised.sydney,available,44.98,54.98,high,medium,9,namecheap,,,09/09/2026 00:57
90769bd4-aa85-4804-ab44-6676e5ee05e6,roughhewn.sydney,available,44.98,54.98,high,medium,9,namecheap,,,09/09/2026 19:00
b7447965-ba80-4355-a56f-cabf382bbf00,erosive.sydney,available,44.98,54.98,medium,low,7,namecheap,,,13/08/2026 02:09
4777aa22-b68a-4633-aad2-2c364c060b84,chequebook.sydney,available,44.98,54.98,high,low,10,namecheap,,,24/09/2026 13:58
eced3d28-0d2b-4a8f-915b-3ee4aedff082,assorted.sydney,available,44.98,54.98,medium,low,8,namecheap,,,07/08/2026 07:25
0b5d2103-1ad1-4939-a65d-d809ee255c3e,repellent.sydney,available,44.98,54.98,medium,low,9,namecheap,,,14/08/2026 10:39
45cb185e-05f1-4ef9-a1cd-8a210dde99d3,cube.sydney,available,54.98,,high,medium,4,namecheap,,,
b1ccf2a3-932e-4181-ad7c-29b65581c071,boethius.sydney,available,58,58,medium,low,8,namesilo,,,19/09/2026 08:26
3d526e21-ce2b-4739-b043-5d9a1ccf12b1,xxxvii.sydney,available,44.98,54.98,medium,low,6,namecheap,,,
340447e6-d6e4-4104-8932-e2477288a228,owed.sydney,available,40.12,40.12,medium,low,4,porkbun,,,27/09/2026 17:35
fe043f22-5492-431d-bc25-fdbfb42937d1,vertical.sydney,available,44.98,54.98,high,low,8,namecheap,,,24/09/2026 14:52
4a5e3102-7457-4599-8cd5-eb4693310b6d,oxidative.sydney,available,44.98,54.98,medium,low,9,namecheap,,,04/09/2026 22:23
53b0b551-a24b-4046-9cdd-61968f9419d2,ashley.sydney,available,58,58,high,low,6,namesilo,,,25/09/2026 17:12
d73fa3ca-a4cb-40e5-b10e-7c5091b1fd93,bay.sydney,premium,58,58,high,low,3,namesilo,,,09/08/2026 02:26
371f3e3a-f1c6-4ecb-9622-1731bebfbb90,edirne.sydney,available,58,58,medium,low,6,namesilo,,,17/09/2026 10:01
05e799ba-8f48-4511-91ab-9f5bdde73317,safety.sydney,premium,58,58,high,low,6,namesilo,,,08/09/2026 08:04
431d77b0-ff8d-4543-823f-d62d062dd78d,perfidious.sydney,available,44.98,54.98,medium,low,10,namecheap,,,08/09/2026 16:31
85ebda1b-fc3e-46bc-943b-35f4b7eaae4e,tasking.sydney,available,54.98,,medium,low,7,namecheap,,,
59b67fd9-1763-4a14-b8b6-274159191d76,uncensored.sydney,available,44.98,54.98,high,low,10,namecheap,,,12/09/2026 04:53
1e5b84e7-52c2-42f0-9b0e-6e0d3ede5931,poverty.sydney,available,54.98,,medium,low,7,namecheap,,,
08cbeb21-180b-4b8d-8a91-2f70da8dd767,buxom.sydney,available,44.98,54.98,medium,low,5,namecheap,,,10/08/2026 20:28
30e3dd68-f5f8-43dd-b0f9-f61997d586e7,ammeter.sydney,available,58,58,medium,low,7,namesilo,,,18/09/2026 22:00
32b4c081-60ab-4971-95ab-237c3992a971,intuitions.sydney,available,44.98,54.98,medium,low,10,namecheap,,,20/09/2026 19:28
3198d69c-0edb-44dd-a977-ed736909cf07,pituitary.sydney,available,44.98,54.98,high,medium,9,namecheap,,,08/09/2026 20:08
d58f3b14-d031-4169-9ca1-4ea66007e070,unbarred.sydney,available,44.98,54.98,medium,low,8,namecheap,,,12/09/2026 01:34
e9fee29b-760a-4596-9c1f-897c171210cd,dampness.sydney,available,84.99,84.99,medium,low,8,name.com,,,13/08/2026 16:45
fe482a53-2183-4681-a4f1-756531bb46d2,globe.sydney,available,58,58,high,low,5,namesilo,,,28/09/2026 01:49
8cf14061-452f-4155-b77b-5844ab98e47f,italic.sydney,available,44.98,54.98,high,low,6,namecheap,,,22/08/2026 11:37
c0514eb5-0c1a-4318-a142-01f6e4da051d,evolution.sydney,available,44.98,54.98,high,medium,9,namecheap,,,28/09/2026 01:52
c9d36b4a-ef42-4911-bb31-096779c28136,checklist.sydney,available,54.98,,high,low,9,namecheap,,,
30d196ae-bf38-4c37-b31d-e6ef26c83ff6,fully.sydney,available,44.98,54.98,high,low,5,namecheap,,,18/08/2026 17:52
d7567893-5342-43fd-857f-719dd317b20a,sorcery.sydney,available,58,58,high,low,7,namesilo,,,23/09/2026 23:51
6a528d78-b1fe-49dc-b6f1-6d05c494732c,plentitude.sydney,available,44.98,54.98,medium,low,10,namecheap,,,15/09/2026 20:35
fcf0aa84-fa15-44b3-b062-1ea52ab4b00e,alpinist.sydney,available,58,58,medium,low,8,namesilo,,,18/09/2026 14:06
899acd2d-a3f6-49b1-a344-241d9953d1bd,established.sydney,available,54.98,,high,low,11,namecheap,,,
58540f82-4f61-42b4-a27b-41a64d250836,benzene.sydney,available,58,58,high,low,7,namesilo,,,23/09/2026 08:52
a58478c2-21e2-4ef2-9a53-5f3fb4475606,asking.sydney,available,54.98,,high,low,6,namecheap,,,
21b9c249-c7d9-4f93-a764-3eed06f40e7d,bistro.sydney,available,58,58,high,low,6,namesilo,,,23/09/2026 22:13
16715bef-e11d-4d57-94c0-df30ef503bc9,microbic.sydney,available,44.98,54.98,medium,low,8,namecheap,,,24/08/2026 22:21
0a9428dd-f1b8-4c9b-8e0e-e4f4f566be6e,slouchy.sydney,available,58,58,medium,low,7,namesilo,,,19/09/2026 04:23
160957bf-9bb5-4869-89ee-36be240abb78,affects.sydney,available,58,58,medium,low,7,namesilo,,,20/09/2026 03:57
0867b653-73c9-4237-8fa9-b8fe3664a2ea,nutella.sydney,available,44.98,54.98,high,medium,7,namecheap,,,19/09/2026 10:13
2ce030c6-1a34-4adb-b6f0-aca4e249511f,deli.sydney,available,44.98,54.98,high,low,4,namecheap,,,24/09/2026 21:37
45f86ef7-8df2-4860-a5b8-943cb9360aa7,amusingly.sydney,available,44.98,54.98,high,low,9,namecheap,,,13/09/2026 19:40
579fa68d-da06-46f6-abfe-3fc5a73a14dc,espouse.sydney,available,44.98,54.98,high,low,7,namecheap,,,13/09/2026 09:39
c3bba870-aab5-4338-8f41-b7e6b5678dfd,caloric.sydney,available,44.98,54.98,medium,low,7,namecheap,,,11/08/2026 15:07
34877d7b-d137-4afc-8181-1eae62777bd7,pearl.sydney,resell,,,high,low,5,Dreamscape Networks International Pte Ltd,01/02/2016 06:36,01/02/2027 06:36,26/09/2026 08:05
e9b71e6a-ea01-4fe9-99d0-4e6e25e13851,hipaa.sydney,available,54.98,,medium,low,5,namecheap,,,
2ec6d5b2-79c4-4c3a-87d5-883e963edf18,euphoric.sydney,available,44.98,54.98,high,low,8,namecheap,,,17/08/2026 14:22
59b78aa4-3697-4fa4-9372-f22bd27d45b2,conformist.sydney,available,44.98,54.98,high,low,10,namecheap,,,12/08/2026 21:13
2291ca71-2163-44e2-8b6b-530ca75a1c6a,panther.sydney,available,54.98,,high,low,7,namecheap,,,
5ea5dc16-75e9-459c-b752-292dabb39002,typic.sydney,available,44.98,54.98,medium,low,5,namecheap,,,11/09/2026 22:29
39b659ee-ffc4-4cb0-9975-9307ee58b70e,streets.sydney,available,54.98,,high,low,7,namecheap,,,
cfd18dc0-6bcc-46ba-9954-05b428cda5d5,surfbird.sydney,available,58,58,medium,low,8,namesilo,,,19/09/2026 17:13
fea305a4-2e80-456e-89ee-a5d303d07696,everyday.sydney,available,58,58,high,low,8,namesilo,,,24/09/2026 15:36
3552748f-7004-4f5a-929b-a164fb074d8e,ruled.sydney,available,58,58,high,low,5,namesilo,,,27/09/2026 16:50
e2cd8617-ab5c-4758-ae1a-26b6441661e9,shipment.sydney,available,58,58,high,low,8,namesilo,,,24/09/2026 12:59
b305a030-1d53-4738-9ff3-f471495d8cfd,broth.sydney,available,58,58,high,low,5,namesilo,,,24/09/2026 10:49
beb574ac-f767-40e3-a517-cff6bb4c8df7,specific.sydney,available,58,58,high,low,8,namesilo,,,27/09/2026 02:45
51d8316d-049e-4b74-8f78-97c215e8ea73,olympics.sydney,available,,,high,low,8,,,,
d351ae95-f50c-413e-ac37-ddb0585f748f,blowout.sydney,available,42.6,42.6,high,low,7,dynadot,,,27/09/2026 16:59
9f1bbc3c-25bb-46d5-babe-ade32d50cfc6,apoplexy.sydney,available,44.98,54.98,medium,low,8,namecheap,,,19/09/2026 19:09
717c7ed4-993e-4b3c-9283-6b4beea5f258,albers.sydney,available,58,58,high,low,6,namesilo,,,18/09/2026 02:34
12adb2ba-e5c7-49f6-9c3a-1ae127b87712,celibate.sydney,available,44.98,54.98,high,low,8,namecheap,,,11/08/2026 23:25
f7273b92-2766-4fc5-a64a-761aaf1eac5c,senses.sydney,available,54.98,,high,low,6,namecheap,,,
f99e9e46-ab22-471c-b83f-ebcd9b52ac4c,sweep.sydney,available,58,58,high,low,5,namesilo,,,24/09/2026 10:48
8576bd64-a963-4b31-aaa1-1a88decc0839,sucker.sydney,available,58,58,high,low,6,namesilo,,,18/09/2026 08:56
f6a48987-5746-47da-848e-d845cbd92d1d,biopsy.sydney,available,44.98,54.98,high,low,6,namecheap,,,23/09/2026 18:55
1af7d081-b3d4-478b-9965-24d9328f6979,godhead.sydney,available,44.98,54.98,medium,low,7,namecheap,,,
85ddfb87-ea0c-4a3b-9cc2-714e8213b81c,sgt.sydney,available,58,58,high,low,3,namesilo,,,27/09/2026 06:19
fbe6a6ad-7c40-449a-b7d1-11aa91493e5d,vampire.sydney,available,54.98,,high,low,7,namecheap,,,
ef6bec59-6f51-4ebf-b5e5-b9d7bb84e05b,anasarca.sydney,available,58,58,medium,low,8,namesilo,,,19/09/2026 03:14
2de47642-7e53-41e2-9a73-294635900be9,hammond.sydney,available,44.98,54.98,high,low,7,namecheap,,,25/09/2026 12:21
aee5f1ec-fba2-4248-b06f-6010fc0ae654,skepticism.sydney,available,58,58,medium,low,10,namesilo,,,24/09/2026 22:29
b1c62262-d21c-4e0c-b86b-26c53090f433,convinced.sydney,available,54.98,,high,low,9,namecheap,,,
823b8636-421e-43f0-b82d-9761ed1d78ad,bells.sydney,available,58,58,high,low,5,namesilo,,,25/09/2026 15:52
e1fcdcb1-a985-473c-b40d-cfb77b18d583,slavish.sydney,available,44.98,54.98,medium,low,7,namecheap,,,10/09/2026 10:38
1899002b-2d1f-4569-bfab-344c50ccb6fe,andrew.sydney,premium,90.02,,high,medium,6,name.com,,,
40b02fc0-8866-49c7-aeee-1f20c607dac6,way.sydney,available,58,58,high,low,3,namesilo,,,27/09/2026 15:08
c76a3314-4834-455f-adf4-a71f604f0603,inland.sydney,available,44.98,54.98,high,low,6,namecheap,,,22/08/2026 05:49
c92335fa-6491-4167-84fb-a826f48464d6,she.sydney,premium,90.65,,high,low,3,name.com,,,
65c479e3-5b3f-4bca-9419-41320fa1fbf1,chased.sydney,available,58,58,high,low,6,namesilo,,,27/09/2026 08:31
78a6df33-f9f9-48df-bdb7-8684c5d4e042,benzocaine.sydney,available,58,58,high,low,10,namesilo,,,23/09/2026 08:58
e9bedd93-fd11-4f3b-9d14-1049ab45dbf3,beelzebub.sydney,available,58,58,medium,low,9,namesilo,,,23/09/2026 01:23
17b8f2a5-76f3-40f4-b929-c6b4220d5c8c,untaught.sydney,available,44.98,54.98,medium,low,8,namecheap,,,12/09/2026 18:56
76ceead3-d715-403e-850a-0428dd4b1d48,truck.sydney,premium,456.96,456.96,high,low,5,namecheap,,,25/09/2026 23:01
23fe9e0a-340f-4aed-89ee-1b94189245e3,ascensive.sydney,available,44.98,54.98,medium,low,9,namecheap,,,07/08/2026 00:46
9480c30d-6626-416d-a5d1-648c5db5cb94,prandial.sydney,available,44.98,54.98,high,medium,8,namecheap,,,09/09/2026 01:04
715532c6-59e9-4add-909b-dd50f670b7ca,larceny.sydney,available,44.98,54.98,high,low,7,namecheap,,,11/09/2026 13:18
f79102d8-54bf-44b8-93a3-469de3f5f8be,cigarettes.sydney,premium,456.96,456.96,medium,low,10,namecheap,,,25/09/2026 21:29
4b90e1f4-8383-42d3-a2b8-926ca3978d13,unalarming.sydney,available,44.98,54.98,medium,low,10,namecheap,,,12/09/2026 00:14
af27cdbf-811e-46e3-b6ae-902aafccac43,fizzy.sydney,available,44.98,54.98,high,low,5,namecheap,,,18/08/2026 06:03
fa0d163e-0af4-4269-9e55-497fcdfd3e08,azoic.sydney,available,44.98,54.98,medium,low,5,namecheap,,,08/08/2026 02:22
a42fecf0-f09f-464c-9b12-ed966f06401e,airwoman.sydney,available,58,58,medium,low,8,namesilo,,,17/09/2026 23:25
b7fdae8f-ef1a-445f-9f1f-db84d502c0f7,unassigned.sydney,available,44.98,54.98,medium,low,10,namecheap,,,12/09/2026 01:12
3a7b246d-c298-4d56-aac0-45498249c68e,hood.sydney,available,58,58,high,medium,4,namesilo,,,27/09/2026 08:13
f169136c-a9cb-442c-a56e-960f445039ba,wrong.sydney,available,58,58,high,low,5,namesilo,,,25/09/2026 07:41
de61c236-0154-4192-a87e-f3493fd59254,disrupt.sydney,available,84.99,84.99,high,low,7,name.com,,,13/08/2026 12:40
ca0c268c-250f-403e-97df-38740d00f073,chesty.sydney,available,44.98,54.98,medium,low,6,namecheap,,,06/08/2026 22:08
3b336271-5176-4042-a80b-13c883866509,timeworn.sydney,available,44.98,54.98,medium,low,8,namecheap,,,08/08/2026 11:14
92dc8128-1629-456e-909d-545beccffdae,minimal.sydney,available,44.98,54.98,high,low,7,namecheap,,,24/08/2026 23:50
9f9ccc3f-9982-4f09-966d-5ac742a8ce02,cattie.sydney,available,44.98,54.98,medium,low,6,namecheap,,,11/08/2026 22:14
4c2aaa37-2897-4a84-8642-752ebe3280c3,icon.sydney,available,54.98,,high,medium,4,namecheap,,,
44267706-7a80-41c0-a371-edb9032a091d,farrell.sydney,available,58,58,medium,low,7,namesilo,,,25/09/2026 05:20
1817477c-1c50-4fd4-af63-5137ef932830,analphabet.sydney,available,44.98,54.98,medium,low,10,namecheap,,,
a35ef3c5-03f5-4b58-a917-a01a8b9afb4f,bacon.sydney,available,54.98,,high,low,5,namecheap,,,
3d9eb76c-9aa6-442b-9a5a-d83d3bde062c,smartest.sydney,available,58,58,high,low,8,namesilo,,,20/09/2026 22:26
517d3275-bec2-455e-a92d-cb63ece84c5d,kingly.sydney,available,44.98,54.98,high,low,6,namecheap,,,22/08/2026 16:17
95020739-c3ed-43ee-b47b-a81e20f7ef10,diana.sydney,available,58,58,high,low,5,namesilo,,,25/09/2026 22:22
349d1bae-56f7-4a83-b36b-a682ad760930,tempting.sydney,available,44.98,54.98,high,low,8,namecheap,,,22/09/2026 01:44
7be0ae4f-6018-4ce1-bf83-faebc2f78897,biggish.sydney,available,44.98,54.98,medium,low,7,namecheap,,,09/08/2026 20:33
1e43cda5-f8bd-4303-ab53-400445e3d963,abatic.sydney,available,44.98,54.98,medium,low,6,namecheap,,,
13b66b40-9497-4c72-b083-1a8f49495cb6,earliest.sydney,available,58,58,medium,low,8,namesilo,,,24/09/2026 12:55
b8f51ba9-836b-4b9d-ad8d-3d50361ed3b2,slender.sydney,available,44.98,54.98,high,low,7,namecheap,,,24/08/2026 01:14
5fc91bc3-e455-42ba-a4b9-7a9252137355,ross.sydney,available,58,58,high,low,4,namesilo,,,23/09/2026 11:35
aaedc73e-9eb0-403d-a2cb-8708315419ff,keypress.sydney,available,54.98,,medium,low,9,namecheap,,,
48f09944-a45a-41f5-8397-1d5605c2d7d1,nutriment.sydney,available,58,58,medium,low,9,namesilo,,,18/09/2026 07:52
e3b916da-0b89-481e-99f7-0b93038b221f,nates.sydney,available,44.98,54.98,medium,low,5,namecheap,,,09/08/2026 10:31
0bce3dc6-e04e-43be-9fcb-c402c0ba51dd,started.sydney,available,58,58,medium,low,7,namesilo,,,18/09/2026 11:27
9b0b8f47-c015-4b9f-bba4-690d3fe595c7,fitter.sydney,available,44.98,54.98,medium,low,6,namecheap,,,18/08/2026 05:48
6f199432-4493-4e5f-b269-22d104653134,goods.sydney,premium,432.6,432.6,high,low,5,namecheap,,,
fbcae622-ac7f-4bd4-911a-55b4d7a2e339,napkins.sydney,available,58,58,medium,low,7,namesilo,,,21/09/2026 05:52
9ab6db20-ea99-49fd-8417-95fd7f70b363,esthetics.sydney,available,58,58,high,low,9,namesilo,,,17/09/2026 13:38
b050c94a-81f1-46b3-97db-69702ea36be3,baseball.sydney,premium,179.46,,high,low,8,name.com,,,
33964065-b375-4645-9257-c1df6bc056d2,doable.sydney,available,84.99,84.99,high,low,6,name.com,,,21/09/2026 15:46
a8df69b2-9b9f-42a7-809f-c05784bd8f98,give.sydney,available,54.98,,high,low,4,namecheap,,,
b4a25f8c-a9ad-4990-8ef0-a2f0a443158f,kechua.sydney,available,44.98,54.98,medium,low,6,namecheap,,,22/08/2026 15:23
3a0f28dd-5102-4eaa-8f65-e6ca3e2f7a36,folks.sydney,available,58,58,high,low,5,namesilo,,,24/09/2026 16:34
c13d89b9-2a43-405f-8843-b73d41b7e599,humanistic.sydney,available,44.98,54.98,high,low,10,namecheap,,,21/08/2026 14:53
42c685d0-012d-48dc-abb5-5838240a91ea,bigamy.sydney,available,58,58,medium,low,6,namesilo,,,23/09/2026 15:03
a0590a22-ae92-4492-89f5-a0fca4b2bb46,postoffice.sydney,premium,90.75,,high,low,11,name.com,,,
19c9ad01-9a5d-43f8-8167-d9d04b9faec2,globally.sydney,available,44.98,54.98,high,low,8,namecheap,,,14/09/2026 21:41
2c4ff76b-f9e5-4fe1-bb55-9214b57665f2,cauterize.sydney,available,44.98,54.98,medium,low,9,namecheap,,,11/08/2026 14:34
8ed2cb07-b326-49ea-9992-0a38144cb58d,assistance.sydney,available,58,58,high,low,10,namesilo,,,17/09/2026 20:44
e61ac81a-11e9-4225-b937-3a3cfc90223f,milksop.sydney,available,44.98,54.98,medium,low,7,namecheap,,,10/09/2026 08:50
1f23baa5-93f8-4196-b533-f83bfe5a4b77,shrugs.sydney,available,58,58,medium,low,6,namesilo,,,20/09/2026 12:14
56bd7de3-5337-4704-93e9-11f439cd2b6e,desired.sydney,available,58,58,high,low,7,namesilo,,,24/09/2026 00:57
7b67398d-4957-4b88-854c-7564d7b404c5,loading.sydney,available,44.98,54.98,high,low,7,namecheap,,,24/09/2026 12:57
15de5c02-ea7c-4465-b3c9-a7dcde11b58b,aery.sydney,available,44.98,54.98,high,low,4,namecheap,,,
78c4724b-3e07-4c39-911e-4cf6fdaefeef,recap.sydney,available,54.98,,high,low,5,namecheap,,,
3857e3a6-d4f3-4bf5-a1ac-43b7a5a24744,bari.sydney,available,58,58,high,low,4,namesilo,,,22/09/2026 05:51
dea445f9-c719-450c-a65a-5144f32af347,surmise.sydney,available,44.98,54.98,high,low,7,namecheap,,,11/09/2026 04:51
fc1cd643-6e8e-420e-9362-5bfac1212375,seared.sydney,available,44.98,54.98,medium,low,6,namecheap,,,10/09/2026 00:52
83950a0a-81fd-4d50-8260-4489e175df2a,bellow.sydney,available,58,58,medium,low,6,namesilo,,,23/09/2026 06:17
1219cf37-99b4-4fc4-a20d-557d7f0426db,ferocious.sydney,available,44.98,54.98,medium,low,9,namecheap,,,18/08/2026 02:05
b407327c-13d7-49ad-b111-f7a8ec6899bb,suited.sydney,available,44.98,54.98,high,low,6,namecheap,,,11/09/2026 01:21
54e879e0-8774-42db-9832-7d7bbcebe63c,sooty.sydney,available,44.98,54.98,medium,low,5,namecheap,,,12/08/2026 13:47
a2f5679b-9289-47cc-87b5-7edc45a70888,sanctioned.sydney,available,44.98,54.98,medium,low,10,namecheap,,,06/08/2026 09:24
abfdb4c7-0ca8-4da2-9485-c686d9c16708,ursula.sydney,premium,77.09,77.09,medium,low,6,dynadot,,,28/09/2026 03:44
9333c749-4337-4590-b324-3a92458a58ec,irani.sydney,available,44.98,54.98,high,low,5,namecheap,,,22/08/2026 09:42
cc091459-f1ca-4d94-92ee-aabdb6f1fb7a,aleatory.sydney,available,44.98,54.98,medium,low,8,namecheap,,,
f01cd338-2985-48d1-b61e-7993ec081368,shakira.sydney,premium,90.39,,high,low,7,name.com,,,
392d9aac-a740-416e-a17e-8f31308fcdaa,energizing.sydney,available,44.98,54.98,high,low,10,namecheap,,,
fb6f06c6-7b43-4550-a5e2-75ce59abd5c4,betsy.sydney,available,58,58,medium,low,5,namesilo,,,27/09/2026 07:40
d3328f78-ae62-44eb-8326-ebe49cdd20f4,leah.sydney,available,58,58,high,low,4,namesilo,,,27/09/2026 07:15
b2fa6305-95a7-4d73-8bac-308aba8fe218,haircut.sydney,available,54.98,,high,low,7,namecheap,,,
1107c98d-636a-4c9e-bbc3-a4d48d2dcfb3,schneider.sydney,available,54.98,,high,low,9,namecheap,,,
4f230927-658c-454a-88c0-bd0a112b86d8,banquet.sydney,available,58,58,high,low,7,namesilo,,,22/09/2026 02:59
60f4cd73-ef56-49d8-8c0b-d186f08bb5af,jewelry.sydney,premium,453.69,,high,low,7,name.com,,,
2d72f4cc-7305-46ff-bbbe-ec501f7a3da1,mickle.sydney,available,44.98,54.98,medium,low,6,namecheap,,,25/08/2026 00:32
136fc23e-5c1b-4ab4-a957-29d4224ea12b,dogtooth.sydney,available,44.98,54.98,medium,low,8,namecheap,,,11/08/2026 17:01
3ab3a464-b1ed-43d6-b474-bce9aeb73d70,faecal.sydney,available,44.98,54.98,medium,low,6,namecheap,,,17/08/2026 20:36
fe626468-39b9-4be3-ba84-106407c06ec2,cod.sydney,available,58,58,high,low,3,namesilo,,,23/09/2026 14:56
f5298bda-5649-4ddc-a446-7bc700490b79,lean.sydney,available,44.98,54.98,high,low,4,namecheap,,,22/08/2026 22:04
ea478bf9-3256-4408-b53c-572078ef12ae,pithily.sydney,available,44.98,54.98,medium,low,7,namecheap,,,15/09/2026 20:06
a374e645-6f2e-4b4b-96ad-ccc4b73b4db8,thrasher.sydney,available,58,58,medium,low,8,namesilo,,,18/09/2026 13:24
fd867b35-7d95-452d-a140-f9f0a1225e19,tenner.sydney,available,58,58,medium,low,6,namesilo,,,21/09/2026 10:53
7d271dda-3a38-4088-a507-5f042436829b,sightless.sydney,available,44.98,54.98,high,medium,9,namecheap,,,10/09/2026 07:56
ce8ea33a-0784-498d-893a-493d11ffb105,brochure.sydney,available,58,58,high,low,8,namesilo,,,24/09/2026 07:07
7d5f9deb-bbae-46be-8790-c5ee4a651ec7,backwash.sydney,available,58,58,medium,low,8,namesilo,,,17/09/2026 15:44
b34ba3f6-7181-4ff5-b645-8c14908736d2,adjusted.sydney,available,58,58,high,low,8,namesilo,,,21/09/2026 18:42
dad27290-9b12-49fa-829e-ca2ea7feb5af,voted.sydney,available,44.98,54.98,medium,low,5,namecheap,,,17/09/2026 16:50
11c60ce8-b03e-46a3-812d-bb32bde3f26d,latino.sydney,available,44.98,54.98,high,low,6,namecheap,,,21/08/2026 09:46
0cec8abe-2dec-472d-93ba-8b2cfebc912e,antidote.sydney,available,58,58,high,low,8,namesilo,,,19/09/2026 14:20
1267cb73-ecd9-47d0-9af3-50a9a6005213,porcine.sydney,available,44.98,54.98,medium,low,7,namecheap,,,21/08/2026 10:21
37ac28cb-7f27-40fe-9762-10ae0e132011,unwavering.sydney,available,44.98,54.98,high,low,10,namecheap,,,18/08/2026 05:12
da4bd9a1-a56c-43a5-be5a-5e2732008c7b,honorific.sydney,available,44.98,54.98,high,low,9,namecheap,,,21/08/2026 13:32
d8af8633-4c27-4a9d-a51a-c40fe0e8df4a,soporific.sydney,available,44.98,54.98,medium,low,9,namecheap,,,21/08/2026 16:58
4115596f-6d6a-4c00-acc1-ae5153b59a11,batiste.sydney,available,44.98,54.98,medium,low,7,namecheap,,,22/09/2026 14:05
eecaf033-1c8e-4546-b679-8368f5b32012,uncured.sydney,available,44.98,54.98,medium,low,7,namecheap,,,12/09/2026 06:39
5fedee69-096e-425a-b7a6-51b5e7af229b,removed.sydney,available,58,58,high,low,7,namesilo,,,26/09/2026 00:50
dd6c0105-e9f7-4770-a426-ffb0d08cfedb,utopian.sydney,available,44.98,54.98,high,low,7,namecheap,,,13/09/2026 00:12
b3b482ca-7abf-46ec-9b4b-25933489524c,indigent.sydney,available,44.98,54.98,medium,low,8,namecheap,,,14/08/2026 04:34
f0ca8813-df5f-4294-85a8-e53c5a0ae588,anthriscus.sydney,available,58,58,medium,low,10,namesilo,,,19/09/2026 13:53
c4695161-a41f-4814-90fa-7180ffbab548,lucy.sydney,premium,90.5,,high,low,4,name.com,,,
2000769e-0cc0-4112-ac7d-cfb3cee697eb,grasp.sydney,available,58,58,high,low,5,namesilo,,,19/09/2026 22:13
90642fb0-60c4-45af-8983-57f336a9b28d,reassured.sydney,available,44.98,54.98,high,low,9,namecheap,,,09/09/2026 11:12
94370da6-30c7-45e5-a5ea-701728ff2ab8,accretive.sydney,available,44.98,54.98,medium,low,9,namecheap,,,
14194801-104e-43e7-a2c4-3d24e8cca42e,pardon.sydney,available,54.98,,high,low,6,namecheap,,,
3256c6e7-8594-4bab-88d3-7e536e0ce658,spinoza.sydney,available,44.98,54.98,high,low,7,namecheap,,,22/09/2026 09:34
4cabbf8e-aa9b-49d1-984c-d6c6f8354098,alcides.sydney,available,58,58,medium,low,7,namesilo,,,18/09/2026 04:05
1c735635-dc08-4ac9-a4a9-31588085380c,cocktail.sydney,available,54.98,,high,low,8,namecheap,,,
5454a695-7fc4-4610-aacc-5f5eae6d6dba,wallow.sydney,available,58,58,medium,low,6,namesilo,,,23/09/2026 16:37
3cb5a9fc-0f50-480e-a7ff-09a98ef7e566,homelike.sydney,available,44.98,54.98,high,low,8,namecheap,,,21/08/2026 11:03
6e05f538-2723-4a75-8ba2-05a364bb87ae,ament.sydney,available,44.98,54.98,medium,low,5,namecheap,,,18/09/2026 18:57
4c2d79c8-571e-4433-8f80-f086c114b658,overhasty.sydney,available,44.98,54.98,medium,low,9,namecheap,,,04/09/2026 20:44
acad1dda-342c-45f8-aeec-e59b1f40fd0f,aquarius.sydney,available,58,58,high,low,8,namesilo,,,19/09/2026 23:03
d7fa279a-d016-4ccf-b968-d07eeabea2ec,ripping.sydney,available,44.98,54.98,high,low,7,namecheap,,,09/09/2026 13:59
34640dd5-fd26-4c4a-9b57-01eefff4f5b2,guerilla.sydney,available,44.98,54.98,high,low,8,namecheap,,,22/08/2026 10:15
efe3901f-3fa3-4cde-ab13-1ccb8eae5375,epidermal.sydney,available,84.99,84.99,medium,low,9,name.com,,,13/08/2026 13:06
605c435e-587b-4f1b-877b-9ff5d4e8ffc7,virgil.sydney,available,58,58,high,low,6,namesilo,,,28/09/2026 02:58
b4770c54-2d31-45f1-aabf-1e5d0e5e71ae,tanned.sydney,available,44.98,54.98,high,low,6,namecheap,,,11/08/2026 05:50
aee5125b-4315-4e79-a282-4ac8c925ee74,acuate.sydney,available,44.98,54.98,medium,low,6,namecheap,,,
6ae6189f-3d80-4f3f-8047-67f0d3618157,guarded.sydney,available,44.98,54.98,high,low,7,namecheap,,,20/08/2026 20:41
4971019f-525f-49f9-a6e9-427366037fde,enjoy.sydney,available,58,58,high,medium,5,namesilo,,,27/09/2026 06:25
587df7b2-5184-4f16-923b-98f6d35fd172,kim.sydney,premium,91.39,91.39,high,low,3,namecheap,,,25/09/2026 19:17
cf1dab5d-8f0a-4bbf-98be-b87a956d3658,chief.sydney,available,58,58,high,low,5,namesilo,,,23/09/2026 00:59
b2f02335-50cd-4f80-bebb-02079935f66d,ade.sydney,available,58,58,high,low,3,namesilo,,,17/09/2026 07:12
416b9c6e-cb69-429e-b0ad-b524da90eb1f,cappuccino.sydney,available,54.98,,high,low,10,namecheap,,,
6d7d658e-7271-406a-8c12-f0b0a45c81fc,summary.sydney,available,58,58,high,low,7,namesilo,,,23/09/2026 17:08
667651d1-0476-440f-ba60-2d95cc07e5f8,supporting.sydney,available,58,58,high,low,10,namesilo,,,28/09/2026 02:02
1545da4b-85ac-4b12-a2b3-95e9c52aab99,placoid.sydney,available,44.98,54.98,high,medium,7,namecheap,,,08/09/2026 20:16
8fbac18a-468e-4896-b4e2-7849847ceabb,sublunary.sydney,available,44.98,54.98,medium,low,9,namecheap,,,12/08/2026 08:28
9d57aaf4-8d00-45ff-84f9-adbf32e1b051,cathy.sydney,premium,92.48,92.48,high,low,5,namecheap,,,17/09/2026 16:36
d6d98482-87ec-4242-b914-44617d990ffa,sarcastic.sydney,available,44.98,54.98,high,medium,9,namecheap,,,09/09/2026 21:27
bd8f34da-d170-4300-b3d5-f81851b47b87,baneful.sydney,available,44.98,54.98,low,low,7,namecheap,,,08/08/2026 09:44
b0acccd5-3489-4284-8463-e1e7de0f94b4,airmanship.sydney,available,58,58,medium,low,10,namesilo,,,17/09/2026 23:16
77476d01-96bb-4b51-821d-47ba2036260b,rainy.sydney,available,44.98,54.98,high,medium,5,namecheap,,,09/09/2026 09:50
3112869c-c701-428d-95d8-f8ca8bd48e21,ventral.sydney,available,44.98,54.98,high,low,7,namecheap,,,
a8922ddf-23da-4bda-adfd-1a2cea2c1b53,dismantled.sydney,available,44.98,54.98,medium,low,10,namecheap,,,14/08/2026 01:22
5406c578-8e81-4a70-a6e6-597f56c2a732,paying.sydney,available,58,58,high,low,6,namesilo,,,24/09/2026 22:11
3e14440b-9b1f-4ee3-9cf2-c4ff632aab77,allegretto.sydney,available,44.98,54.98,high,low,10,namecheap,,,
ba230188-6b5e-4e36-85b8-6796c9fa68bb,void.sydney,available,58,58,high,medium,4,namesilo,,,25/09/2026 23:24
359aa35a-56ed-4140-a234-5cd61f23ade4,piercing.sydney,available,44.98,54.98,high,low,8,namecheap,,,22/08/2026 01:25
d10c7c20-9acb-43f6-950f-d3266c7ddc6b,romanist.sydney,available,44.98,54.98,medium,low,8,namecheap,,,05/09/2026 01:28
7842231e-422c-4586-bfe0-0e0fc5ecd7d6,ottoman.sydney,available,44.98,54.98,high,low,7,namecheap,,,04/09/2026 18:38
f4ff6b78-5e27-4e9d-9210-04824113ffe8,chelate.sydney,available,44.98,54.98,medium,low,7,namecheap,,,12/08/2026 04:03
e93639fa-0bd5-4dc7-8873-d1640e36c003,employ.sydney,available,44.98,54.98,high,low,6,namecheap,,,08/09/2026 13:39
c5781c7f-7a4b-4209-891c-c82f4a04be7c,postnatal.sydney,available,44.98,54.98,medium,low,9,namecheap,,,09/09/2026 00:35
5cb2726b-87e7-470e-8e67-f16bf0d4e4b6,negotiable.sydney,available,44.98,54.98,high,low,10,namecheap,,,07/08/2026 06:30
f392e178-60ef-42c1-8869-7c5478480905,arizona.sydney,available,58,58,high,low,7,namesilo,,,20/09/2026 06:05
91c89f25-e227-475d-940c-366e2eeda2e0,omnipotent.sydney,available,44.98,54.98,high,low,10,namecheap,,,
448e74ae-7671-480a-b08a-244904413374,downturn.sydney,available,58,58,medium,low,8,namesilo,,,24/09/2026 23:42
5bd09c97-4423-4783-aa42-b1404162c98c,dollars.sydney,available,58,58,high,low,7,namesilo,,,17/09/2026 07:00
926c347d-c559-44ba-8edf-7f55c8728334,angina.sydney,available,58,58,medium,low,6,namesilo,,,19/09/2026 06:08
686fcb0a-6da3-4686-8b0f-1c982dfeab4b,concentrated.sydney,available,54.98,,high,low,12,namecheap,,,
954771e8-f849-435b-9121-382bd88f61a0,attempts.sydney,available,44.98,54.98,medium,low,8,namecheap,,,18/09/2026 16:41
270d61f5-9ee5-450b-a99b-d59ec36fe541,preacher.sydney,available,58,58,high,low,8,namesilo,,,27/09/2026 15:23
3e17b35e-27e1-4e0a-8c6c-52c341bf37e0,sagacious.sydney,available,44.98,54.98,high,low,9,namecheap,,,08/09/2026 18:02
b964e986-34bb-49da-8e0b-6c4c51c8d829,evrything.sydney,available,54.98,,medium,low,9,namecheap,,,
8d39851d-6da4-48ea-9a8d-d5e62d40aa45,mil.sydney,premium,58,58,high,low,3,namesilo,,,11/08/2026 22:57
0407aea0-92ef-43e8-b5a3-bdbaa3e98265,wittingly.sydney,available,44.98,54.98,medium,low,9,namecheap,,,15/09/2026 10:32
e04b71a8-66ad-4196-bb27-c238facb5bef,bracket.sydney,available,44.98,54.98,high,low,7,namecheap,,,19/09/2026 06:22
1ca2386f-dab9-4e83-aede-a5b626b7fb89,himalayan.sydney,available,44.98,54.98,high,low,9,namecheap,,,21/08/2026 09:25
41b9d66e-0988-4291-b552-ac79d9c87301,medication.sydney,premium,452.18,,high,low,10,name.com,,,
4c93eed4-492c-4f9c-bc60-5661886e5940,cretin.sydney,available,44.98,54.98,medium,low,6,namecheap,,,21/08/2026 20:26
42b84a18-b2d0-421a-abe7-6a185cb7af23,aneuploid.sydney,available,44.98,54.98,medium,low,9,namecheap,,,
2835176f-683a-4fa0-9a69-71156afc231f,grows.sydney,available,58,58,medium,low,5,namesilo,,,27/09/2026 10:10
f7a66c80-bbce-44ce-a20e-74be13386822,frog.sydney,available,44.98,54.98,high,low,4,namecheap,,,05/08/2026 21:03
22d5508f-3137-4832-9722-faf9b524bbdf,lordly.sydney,available,44.98,54.98,medium,low,6,namecheap,,,07/08/2026 17:05
6b4fbb64-2f84-4bf9-b50d-a7ea5ad03829,nonesuch.sydney,available,44.98,54.98,medium,low,8,namecheap,,,03/09/2026 20:13
c4676c69-db15-4cfd-9982-b4f2f0448128,intently.sydney,available,44.98,54.98,medium,low,8,namecheap,,,15/09/2026 08:56
12c9fc2e-c5f3-4bc2-8c47-5e277bd4b507,bro.sydney,premium,181.3,,high,low,3,name.com,,,
fbf3acb5-bb80-44c2-a3f4-d8db54f3b0ba,well.sydney,available,58,58,high,low,4,namesilo,,,24/09/2026 22:39
b6073b87-3694-4c6f-869f-df81a010962c,column.sydney,available,44.98,54.98,high,low,6,namecheap,,,19/09/2026 04:50
40d672fa-7294-4ce2-9e73-cbcedf2a7e6d,joseph.sydney,available,58,58,high,low,6,namesilo,,,24/09/2026 14:32
2290be97-d746-4c78-8e08-132787183043,appears.sydney,available,44.98,54.98,medium,low,7,namecheap,,,25/09/2026 20:18
f3a618db-307e-4d57-b1c3-10e694a59159,djiboutian.sydney,available,44.98,54.98,medium,low,10,namecheap,,,14/08/2026 14:08
5db4b974-acbc-425c-9569-7e9133cec949,caa.sydney,available,58,58,high,low,3,namesilo,,,28/09/2026 03:29
4c1ac39d-3953-46d8-94ee-e198e449d54d,crucify.sydney,available,44.98,54.98,medium,low,7,namecheap,,,14/08/2026 21:17
3e28d413-8a6f-43c8-859e-f5fddccafb21,ely.sydney,available,58,58,high,low,3,namesilo,,,25/09/2026 16:10
60846cdf-3567-48dc-a086-90925af1821e,alleyway.sydney,available,58,58,medium,low,8,namesilo,,,19/09/2026 04:05
11568c27-2cf2-4d4d-8555-793f74eedbf3,coffee.sydney,premium,2689.48,,high,medium,6,name.com,,,
4ac9bf1f-c81f-45d1-9289-495d82f0fec3,stertorous.sydney,available,44.98,54.98,low,low,10,namecheap,,,10/09/2026 20:21
37a76a73-84f6-450d-98b6-300b63f3a8d3,ixl.sydney,premium,58,58,medium,low,3,namesilo,,,
01fad02d-37cd-461b-932e-4cab9d277790,arborvitae.sydney,available,44.98,54.98,medium,low,10,namecheap,,,20/09/2026 00:54
3fa20614-5e64-40c3-a27d-b4c73a11b603,ancients.sydney,available,84.99,84.99,high,low,8,name.com,,,19/09/2026 03:51
2eb9fcad-1f59-4039-97a8-71f681f96e70,tempers.sydney,available,58,58,medium,low,7,namesilo,,,20/09/2026 14:00
8313492b-7685-4a27-b6ae-1b06c7e67196,pokey.sydney,available,44.98,54.98,medium,low,5,namecheap,,,14/08/2026 07:36
b0e37bb5-1fa1-4e1a-a612-fa05afbb90ab,katy.sydney,premium,90.28,,high,low,4,name.com,,,
e4722c45-eaa4-476e-9b09-d6d488336400,frustrated.sydney,available,84.99,84.99,medium,low,10,name.com,,,24/09/2026 10:57
45650de1-5817-4159-9048-720d03b19c54,socialist.sydney,available,44.98,54.98,high,low,9,namecheap,,,10/09/2026 13:19
b1785eac-5ab4-47de-a988-a036593184b6,annotating.sydney,available,58,58,high,low,10,namesilo,,,19/09/2026 10:41
b49d9cfa-fb1e-446d-bceb-d3c3f4999bad,amenia.sydney,available,44.98,54.98,medium,low,6,namecheap,,,18/09/2026 18:47
b7f3e896-df51-4cb3-a588-bd6026adae22,stainless.sydney,available,58,58,high,low,9,namesilo,,,25/09/2026 14:18
2ff29010-4a81-4fde-9d59-442486a3907a,writer.sydney,available,58,58,high,low,6,namesilo,,,21/09/2026 05:09
9b6b520c-7fb6-4ab9-902b-012032f83b5c,foggy.sydney,available,44.98,54.98,medium,low,5,namecheap,,,10/08/2026 16:21
d02b0883-69fd-4caf-ad19-8f15f90dcbdb,lollygag.sydney,available,44.98,54.98,medium,low,8,namecheap,,,11/09/2026 08:29
9af9d5c0-6b9d-4c30-b1d0-7af03a6b06cd,dream.sydney,premium,90.02,,high,medium,5,name.com,,,
acdfc414-ca68-436d-aaf6-045e028d66f2,zanzibar.sydney,available,54.98,,high,low,8,namecheap,,,
3f2555c1-9baa-4789-87ea-3dd1d3529cf0,ingrown.sydney,available,44.98,54.98,medium,low,7,namecheap,,,22/08/2026 04:56
19202506-6a28-4143-b35b-f8954561c700,flat.sydney,available,44.98,54.98,high,low,4,namecheap,,,21/09/2026 12:19
f2d1a5a5-47d0-4583-a09e-56054fb19cf0,ridicule.sydney,available,58,58,high,low,8,namesilo,,,24/09/2026 02:25
cbf5d62a-59c5-47dc-b429-81cbdd938364,edental.sydney,available,44.98,54.98,medium,low,7,namecheap,,,08/09/2026 15:42
3079b984-99a6-4853-b882-3050293398e4,rolling.sydney,available,44.98,54.98,high,low,7,namecheap,,,19/09/2026 06:51
1de0d48e-9a92-481b-888d-0dce63c6a258,involved.sydney,available,58,58,high,low,8,namesilo,,,25/09/2026 11:16
52594f2f-b4ff-4b7f-bc9e-d579ccfd805e,impulsive.sydney,available,44.98,54.98,high,low,9,namecheap,,,11/08/2026 01:34
07be2569-7aa1-47cc-b49c-faa10f4e251e,beyond.sydney,premium,901.6,,high,medium,6,name.com,,,
86eb126d-8f6a-4f08-a6c1-de37e2ab2460,chu.sydney,available,58,58,medium,low,3,namesilo,,,25/09/2026 12:27
dedb40b7-23ca-4542-bca9-ea1601374804,bauxite.sydney,available,58,58,medium,low,7,namesilo,,,22/09/2026 16:42
dec64ee8-0b19-43b0-8eca-739270d901a0,nonexempt.sydney,available,44.98,54.98,medium,low,9,namecheap,,,03/09/2026 19:09
0ef05ea8-87b9-4ab4-8a4f-f0720c49e1cc,spiceberry.sydney,available,58,58,medium,low,10,namesilo,,,20/09/2026 03:12
f3003686-80e4-4e19-9923-6b4d0685ddf0,mundane.sydney,available,44.98,54.98,high,low,7,namecheap,,,17/08/2026 14:55
d9d06cbf-907f-48ff-bea7-0d3369429651,augeas.sydney,available,58,58,medium,low,6,namesilo,,,21/09/2026 03:15
22117b7d-07c7-44b0-824e-01760ec3cc3a,conquer.sydney,available,54.98,,high,low,7,namecheap,,,
1d0eff03-402d-450c-88b5-cf812723e437,enlivened.sydney,available,44.98,54.98,high,low,9,namecheap,,,17/08/2026 09:37
b79ab24a-48ff-42c0-b115-268517d20440,arctiid.sydney,available,58,58,medium,low,7,namesilo,,,20/09/2026 02:47
575652c4-f2cb-4202-9879-94a0adbc4052,rico.sydney,available,58,58,high,low,4,namesilo,,,19/09/2026 14:11
99a809f8-47f6-481c-aa9b-d79b756eeb4a,defaulted.sydney,available,58,58,low,low,9,namesilo,,,21/09/2026 07:28
6dc99801-6abe-445d-a1b5-c26dbbb04d82,photography.sydney,premium,902.92,,high,low,11,name.com,,,
fa198e38-d122-43af-9b89-8fd29bf9e154,sweetheart.sydney,available,44.98,54.98,high,low,10,namecheap,,,22/08/2026 16:44
e131f449-7eb6-4659-ad54-0c181bcbc9b6,seemingly.sydney,available,44.98,54.98,medium,low,9,namecheap,,,13/09/2026 20:24
e6da4357-2bd3-4302-bb43-fd2c558db2fd,warmed.sydney,available,44.98,54.98,high,low,6,namecheap,,,13/09/2026 08:22
394d647d-1d4e-4493-a65c-5202899dca12,verify.sydney,available,54.98,,high,medium,6,namecheap,,,
b3b7cf54-235a-4d8c-82f5-b23365403104,pucka.sydney,available,44.98,54.98,medium,low,5,namecheap,,,09/09/2026 05:26
3399d7b2-a41d-457c-aba1-54dfa3e6ccf2,flaxseed.sydney,available,58,58,high,low,9,namesilo,,,16/09/2026 10:28
64013bad-6d77-4b5d-874e-b13e150a669b,edition.sydney,available,42.32,42.32,high,low,7,dynadot,,,28/09/2026 01:49
970890ba-c82a-4775-8ebb-550ddcf3fb33,amati.sydney,available,58,58,high,low,5,namesilo,,,18/09/2026 16:09
2efb98f8-87fb-4c54-bf8f-91510de1e9ff,dispersion.sydney,available,44.98,54.98,high,low,10,namecheap,,,24/09/2026 22:57
363a8c3a-d5ba-492d-85c7-0a0f3a4ccba5,blaeberry.sydney,available,58,58,medium,low,9,namesilo,,,23/09/2026 15:39
d94b6a59-a7e9-4363-beba-5464e3016d2e,libertine.sydney,available,84.99,84.99,medium,low,9,name.com,,,13/08/2026 20:22
85e70c8e-9b77-4bd3-8cb9-811d013d42c7,yon.sydney,premium,58,58,medium,low,3,namesilo,,,13/09/2026 14:47
5de44655-d640-4acc-a294-319fad53eff9,stuffy.sydney,available,44.98,54.98,high,low,6,namecheap,,,
d65db35c-8cee-4be6-baa3-ecf273896c8e,vector.sydney,available,54.98,,high,low,6,namecheap,,,
7c88c9d0-0bc0-4720-89f2-8ae153d8bd69,meals.sydney,available,58,58,high,low,5,namesilo,,,18/09/2026 16:02
ae1906a4-cd63-4300-a1f4-cdd3e614c97e,artiste.sydney,available,44.98,54.98,high,low,7,namecheap,,,20/09/2026 11:55
1a3a98d5-3f40-445f-93c0-58ca14d8be90,subjective.sydney,available,44.98,54.98,high,low,10,namecheap,,,25/09/2026 07:50
fd286b63-bd64-4d0e-9062-8d3a5a106faf,truffle.sydney,available,54.98,,high,low,7,namecheap,,,
2017cefd-ae2f-408a-83b5-78371c4b0feb,insure.sydney,premium,453.19,,high,low,6,name.com,,,
faa7a0d2-a256-4c77-86fe-91defa1b74ba,atar.sydney,available,44.98,54.98,medium,low,4,namecheap,,,20/09/2026 19:24
61243b21-1b9a-435e-813c-ac11fe03aa55,obsessive.sydney,available,58,58,high,low,9,namesilo,,,25/09/2026 23:45
f39becc9-1916-425e-ab36-0f61d640a3d2,guerrilla.sydney,available,44.98,54.98,high,low,9,namecheap,,,22/08/2026 10:14
d871c419-a0bc-4183-8a1e-79bafd1d50dd,splashed.sydney,available,84.99,84.99,high,low,8,name.com,,,13/08/2026 15:18
fc3ad950-661d-4190-971a-e2cafe874f97,baseboard.sydney,available,58,58,medium,low,9,namesilo,,,22/09/2026 10:08
2677a520-5e12-4623-b9aa-d67d9b70702f,albizia.sydney,available,58,58,high,low,7,namesilo,,,18/09/2026 03:01
461253e1-167f-42fd-8682-6a874403b45c,arrives.sydney,available,58,58,medium,low,7,namesilo,,,20/09/2026 01:05
ff9592b3-bd8a-42bb-8be5-854b92f78f36,gelid.sydney,available,44.98,54.98,medium,low,5,namecheap,,,18/08/2026 21:05
edcfb008-9096-4519-982b-a75eef792f23,acheron.sydney,premium,185.43,185.43,medium,low,7,namecheap,,,17/09/2026 00:29
2361766b-d915-4c2f-8128-7a59a7a3e7f1,permutation.sydney,available,54.98,,high,low,11,namecheap,,,
537357db-6853-4c88-badc-652bb9a22fee,photogenic.sydney,available,44.98,54.98,high,medium,10,namecheap,,,08/09/2026 19:18
910104ac-0a90-4002-9b5c-a3d4a19cd30f,matt.sydney,available,58,58,high,high,4,namesilo,,,25/09/2026 17:38
334b9097-64a4-4a24-abca-777aab759ccd,once.sydney,available,58,58,high,low,4,namesilo,,,24/09/2026 15:11
1889071d-a5ad-457e-8aca-54bbd3794869,you.sydney,available,,,high,medium,3,,,,
7bd97937-8fa5-43ee-a475-664c2af10b25,assess.sydney,available,54.98,,high,low,6,namecheap,,,
6cd3d20a-8708-4a71-b4bd-1a1c354ed04d,derek.sydney,available,58,58,high,low,5,namesilo,,,25/09/2026 14:10
77c23cb7-a2c4-492e-85ae-b8ce671019b5,simple.sydney,available,58,58,high,medium,6,namesilo,,,28/09/2026 03:43
c6b1bc2e-e95e-4af0-a3c0-5120f2a24281,nazi.sydney,available,44.98,54.98,medium,low,4,namecheap,,,03/09/2026 13:40
ce596eaf-d303-4770-8ff3-26c10d3b92b9,cockcrow.sydney,available,44.98,54.98,medium,low,8,namecheap,,,11/09/2026 02:11
72833988-8601-4c12-ab0f-585945a5407a,forrad.sydney,available,44.98,54.98,medium,low,6,namecheap,,,18/08/2026 12:58
7ef59bad-007d-467e-8461-32ad1e663ab7,swank.sydney,available,44.98,54.98,high,low,5,namecheap,,,12/08/2026 04:51
45c162bf-825c-417d-bb36-43d022c6f229,meliorist.sydney,available,44.98,54.98,high,medium,9,namecheap,,,09/09/2026 12:46
cf329475-6e08-48d0-a653-4c2ebd185b57,whitener.sydney,available,58,58,medium,low,8,namesilo,,,24/09/2026 03:50
afbc4cb0-edb7-42bb-9b51-cc664e2dd474,democratic.sydney,available,44.98,54.98,high,low,10,namecheap,,,24/09/2026 05:46
09f2c819-72f1-476c-9c02-ee66fbd928e3,detailed.sydney,available,58,58,high,low,8,namesilo,,,24/09/2026 07:09
d760c682-c999-430a-a8bd-b3eacaf7dae3,collection.sydney,premium,91.35,91.35,high,low,10,namecheap,,,24/09/2026 17:31
811aa8ab-aebc-4d8e-a94f-943929caa4c9,lowborn.sydney,available,44.98,54.98,medium,low,7,namecheap,,,24/08/2026 10:44
9bebb635-6ff4-4efb-9afa-f155e05fd75b,sweetie.sydney,available,44.98,54.98,high,low,7,namecheap,,,10/09/2026 19:34
b36578ea-83e8-4e31-83a6-c1294ec81f78,abactinal.sydney,available,44.98,54.98,medium,low,9,namecheap,,,
8eb5c01d-3ecb-4c33-beb5-e40b5ee90e5c,donor.sydney,available,84.99,84.99,high,low,5,name.com,,,23/09/2026 10:42
b780054a-f9fb-4c3f-aef3-9b448ba00474,centuries.sydney,available,58,58,medium,low,9,namesilo,,,17/09/2026 04:43
057389e0-decd-4780-a213-cc70a6322199,aqueduct.sydney,available,44.98,54.98,high,low,8,namecheap,,,19/09/2026 23:10
80e3f558-b646-4ae0-b33e-d2bc57c38920,lovable.sydney,available,44.98,54.98,high,low,7,namecheap,,,24/08/2026 10:06
6410f93c-0234-4106-9715-600524cc293f,zama.sydney,available,58,58,medium,low,4,namesilo,,,22/09/2026 16:21
ad1b1077-7dd9-4219-a7c0-f13ae5310368,treason.sydney,available,58,58,medium,low,7,namesilo,,,23/09/2026 11:25
c0ab66dd-7eb3-493c-bd22-53f91b04ef08,esthesia.sydney,available,58,58,medium,low,8,namesilo,,,17/09/2026 13:25
bcd90ea0-8138-44b6-a848-6d043c02507a,personals.sydney,available,44.98,54.98,medium,low,9,namecheap,,,08/09/2026 05:02
3755d3ce-ed3f-41c7-9e00-1dc1496840c3,acumen.sydney,available,58,58,high,low,6,namesilo,,,17/09/2026 05:39
4dd518b7-9b79-4d91-a086-a98d92f32e92,scarce.sydney,available,44.98,54.98,medium,low,6,namecheap,,,09/09/2026 22:53
1c817120-8ee2-48e7-9f99-d3f4aa151050,comforts.sydney,available,44.98,54.98,high,low,8,namecheap,,,18/09/2026 18:50
4fb66e43-97a8-45fd-a99a-60de2338b7be,motive.sydney,available,58,58,high,medium,6,namesilo,,,25/09/2026 21:54
444e5b6f-042a-4118-9ce5-741fbe8c25f7,haphazard.sydney,available,44.98,54.98,medium,low,9,namecheap,,,20/08/2026 23:46
ef8f19a7-e9b2-407e-b968-1f7b28de93fb,newspapers.sydney,available,58,58,medium,low,10,namesilo,,,27/09/2026 02:48
606858a6-e3e6-41a0-a5f9-ea6d3acacf42,forbidding.sydney,available,44.98,54.98,medium,low,10,namecheap,,,18/08/2026 11:08
704b7591-e624-44ec-9bb8-e0128cc3b7b4,vendors.sydney,available,58,58,medium,low,7,namesilo,,,20/09/2026 22:00